content_type,state,repo,created,closed,merged,item_updated
Issue,CLOSED,vhp-service-completeness,2026-03-23T09:31:33Z,2026-06-18T11:28:21Z,,2026-06-18T11:28:23Z
Issue,OPEN,wp1.1,2025-11-17T11:58:04Z,,,2026-05-25T19:33:36Z
Issue,OPEN,wp1.1,2025-02-20T13:23:19Z,,,2026-05-25T19:36:45Z
Issue,OPEN,virtual-human-platform,2025-02-24T11:02:07Z,,,2026-05-25T19:36:50Z
Issue,OPEN,wp1.1,2025-02-20T13:21:48Z,,,2026-05-25T19:36:47Z
Issue,OPEN,wp1.1,2025-11-17T11:58:39Z,,,2026-05-25T19:33:38Z
Issue,OPEN,wp1.1,2026-03-03T20:00:57Z,,,2026-05-08T10:13:29Z
Issue,OPEN,wp1.1,2026-03-03T19:21:59Z,,,2026-05-25T19:35:16Z
Issue,CLOSED,virtual-human-platform,2025-11-18T14:00:00Z,2026-04-30T12:37:35Z,,2026-04-30T12:37:36Z
DraftIssue,,,2025-02-10T12:14:23Z,,,2026-04-30T12:36:19Z
Issue,OPEN,wp1.1,2025-06-23T08:55:11Z,,,2026-04-17T10:03:17Z
Issue,OPEN,vhp-service-completeness,2026-03-16T11:04:48Z,,,2026-04-17T08:44:50Z
Issue,OPEN,virtual-human-platform,2025-10-06T09:18:44Z,,,2026-03-30T11:07:42Z
DraftIssue,,,2025-06-11T09:27:09Z,,,2026-03-30T11:04:58Z
Issue,CLOSED,virtual-human-platform,2025-11-17T12:39:45Z,2026-04-30T12:36:28Z,,2026-04-30T12:36:30Z
Issue,CLOSED,virtual-human-platform,2025-06-30T08:33:14Z,2026-03-30T11:05:23Z,,2026-03-30T11:05:26Z
Issue,CLOSED,virtual-human-platform,2025-03-10T13:24:54Z,2026-03-30T11:20:41Z,,2026-03-30T11:20:44Z
Issue,OPEN,virtual-human-platform,2026-03-27T11:37:19Z,,,2026-04-02T06:18:24Z
Issue,OPEN,virtual-human-platform,2026-03-27T11:33:15Z,,,2026-03-27T11:37:31Z
Issue,CLOSED,vhp-service-completeness,2025-12-03T13:36:25Z,2026-02-27T07:10:56Z,,2026-03-20T12:31:50Z
Issue,CLOSED,vhp-service-completeness,2025-12-03T13:37:12Z,2026-02-27T07:10:49Z,,2026-03-20T12:32:33Z
Issue,CLOSED,vhp-service-completeness,2025-12-03T13:37:01Z,2026-02-27T07:10:51Z,,2026-03-20T12:32:30Z
Issue,CLOSED,vhp-service-completeness,2025-12-03T13:36:39Z,2026-02-27T07:10:54Z,,2026-03-20T12:32:25Z
Issue,CLOSED,vhp-service-completeness,2025-12-03T13:39:05Z,2026-02-17T11:14:10Z,,2026-03-20T12:32:23Z
Issue,CLOSED,vhp-service-completeness,2025-12-03T13:39:04Z,2026-02-17T12:14:22Z,,2026-03-20T12:32:22Z
Issue,CLOSED,vhp-service-completeness,2025-12-03T13:37:24Z,2026-02-27T07:10:47Z,,2026-03-20T12:32:18Z
Issue,CLOSED,vhp-service-completeness,2025-12-03T13:39:02Z,2026-02-17T11:15:05Z,,2026-03-20T12:32:16Z
Issue,CLOSED,vhp-service-completeness,2025-12-03T13:37:54Z,2026-02-27T07:10:42Z,,2026-03-20T12:32:13Z
Issue,CLOSED,vhp-service-completeness,2025-12-03T13:37:51Z,2026-03-18T14:39:33Z,,2026-03-20T12:32:11Z
Issue,CLOSED,vhp-service-completeness,2025-12-03T13:37:49Z,2026-03-18T14:38:36Z,,2026-03-20T12:32:10Z
Issue,CLOSED,vhp-service-completeness,2025-12-03T13:37:44Z,2026-02-27T07:10:44Z,,2026-03-20T12:32:06Z
Issue,CLOSED,vhp-service-completeness,2025-12-03T13:37:33Z,2026-02-27T07:10:46Z,,2026-03-20T12:32:03Z
Issue,CLOSED,vhp-service-completeness,2025-12-03T13:38:31Z,2026-02-27T07:10:39Z,,2026-03-20T12:32:00Z
Issue,CLOSED,vhp-service-completeness,2025-12-03T13:38:20Z,2026-02-27T07:10:41Z,,2026-03-20T12:31:58Z
Issue,CLOSED,vhp-service-completeness,2025-12-03T13:37:53Z,2026-03-18T14:37:17Z,,2026-03-20T12:31:56Z
Issue,CLOSED,KE-WP-mapping,2026-01-29T07:49:42Z,2026-02-08T19:08:34Z,,2026-03-20T12:31:47Z
Issue,CLOSED,KE-WP-mapping,2026-01-29T07:49:18Z,2026-02-08T19:08:14Z,,2026-03-20T12:31:45Z
Issue,CLOSED,KE-WP-mapping,2026-01-14T07:10:40Z,2026-03-02T12:23:29Z,,2026-03-20T12:31:43Z
Issue,CLOSED,KE-WP-mapping,2026-01-29T07:49:15Z,2026-02-08T19:08:00Z,,2026-03-20T12:31:41Z
Issue,CLOSED,KE-WP-mapping,2025-10-02T14:27:57Z,2026-03-02T12:23:27Z,,2026-03-20T12:31:19Z
Issue,CLOSED,KE-WP-mapping,2026-01-29T07:49:09Z,2026-02-08T19:07:30Z,,2026-03-20T12:31:39Z
Issue,CLOSED,KE-WP-mapping,2026-01-29T07:49:06Z,2026-02-08T19:06:53Z,,2026-03-20T12:31:34Z
Issue,CLOSED,KE-WP-mapping,2026-01-29T07:47:46Z,2026-02-11T12:01:15Z,,2026-03-20T12:31:32Z
Issue,CLOSED,KE-WP-mapping,2026-01-16T19:43:59Z,2026-02-23T14:20:06Z,,2026-03-20T12:31:28Z
Issue,CLOSED,KE-WP-mapping,2026-01-27T07:39:42Z,2026-03-03T13:02:03Z,,2026-03-20T12:31:26Z
Issue,CLOSED,KE-WP-mapping,2026-01-14T13:29:12Z,2026-02-20T08:16:15Z,,2026-03-20T12:31:24Z
Issue,CLOSED,KE-WP-mapping,2026-01-14T13:26:22Z,2026-02-23T14:20:08Z,,2026-03-20T12:31:22Z
Issue,CLOSED,vhp-service-completeness,2025-12-03T13:38:26Z,2026-03-20T12:30:09Z,,2026-03-20T12:30:24Z
Issue,CLOSED,KE-WP-mapping,2025-08-09T07:16:28Z,2026-02-23T14:20:11Z,,2026-03-20T12:31:17Z
Issue,CLOSED,virtual-human-platform,2025-12-08T10:49:30Z,2026-02-14T12:48:18Z,,2026-03-20T12:30:06Z
Issue,OPEN,vhp-service-completeness,2025-12-03T13:37:43Z,,,2026-03-05T11:22:47Z
Issue,OPEN,virtual-human-platform,2026-01-26T12:56:28Z,,,2026-03-05T09:25:42Z
Issue,CLOSED,vhp-service-completeness,2026-04-17T08:46:56Z,2026-06-18T11:28:26Z,,2026-06-18T11:28:30Z
Issue,CLOSED,vhp-service-completeness,2025-12-03T13:38:28Z,2026-03-26T10:27:59Z,,2026-03-26T10:28:02Z
Issue,CLOSED,vhp-service-completeness,2025-12-03T13:38:23Z,2026-03-26T10:30:22Z,,2026-03-26T10:30:26Z
Issue,CLOSED,vhp-service-completeness,2025-12-03T13:38:25Z,2026-03-26T10:27:27Z,,2026-03-26T10:30:05Z
Issue,OPEN,MCT8-docking,2026-02-03T18:01:19Z,,,2026-02-23T11:19:59Z
Issue,CLOSED,vhp-service-completeness,2025-12-03T13:38:34Z,2026-03-26T10:26:13Z,,2026-03-26T10:26:17Z
Issue,CLOSED,vhp-service-completeness,2025-12-03T13:35:37Z,2026-02-06T10:40:53Z,,2026-02-06T12:42:51Z
Issue,CLOSED,MCT8-docking,2026-02-02T20:12:00Z,2026-02-02T20:12:09Z,,2026-02-06T12:42:49Z
Issue,CLOSED,QSPRpred-Docker,2026-01-13T13:43:10Z,2026-02-01T18:57:09Z,,2026-02-06T12:42:48Z
Issue,CLOSED,aopwiki-snorql-extended,2026-01-30T17:50:26Z,2026-01-30T17:54:15Z,,2026-02-06T12:42:47Z
Issue,CLOSED,qAOP-app,2026-01-29T12:04:13Z,2026-01-29T12:09:29Z,,2026-02-06T12:42:44Z
Issue,CLOSED,qAOP-app,2026-01-29T12:04:02Z,2026-01-29T12:09:06Z,,2026-02-06T12:42:43Z
Issue,CLOSED,qAOP-app,2026-01-29T12:03:46Z,2026-01-29T12:08:55Z,,2026-02-06T12:42:42Z
PullRequest,MERGED,cloud,2026-01-19T12:29:46Z,2026-01-19T13:28:51Z,2026-01-19T13:28:51Z,2026-02-06T12:42:41Z
Issue,CLOSED,Snorql-UI,2026-01-21T10:37:21Z,2026-01-21T17:07:06Z,,2026-02-06T12:42:40Z
Issue,CLOSED,Snorql-UI,2026-01-21T10:32:13Z,2026-01-21T17:06:58Z,,2026-02-06T12:42:40Z
Issue,CLOSED,Snorql-UI,2026-01-21T10:27:39Z,2026-01-21T17:06:50Z,,2026-02-06T12:42:39Z
Issue,CLOSED,Snorql-UI,2026-01-20T19:28:52Z,2026-01-21T17:08:09Z,,2026-02-06T12:42:38Z
Issue,CLOSED,Snorql-UI,2026-01-20T19:28:45Z,2026-01-21T17:08:00Z,,2026-02-06T12:42:37Z
Issue,CLOSED,MCT8-docking,2026-01-20T14:30:21Z,2026-02-04T08:15:34Z,,2026-02-06T12:42:36Z
Issue,CLOSED,MCT8-docking,2026-01-20T14:30:10Z,2026-01-20T14:51:21Z,,2026-02-06T12:42:35Z
Issue,CLOSED,MCT8-docking,2026-01-20T14:30:02Z,2026-01-20T14:51:18Z,,2026-02-06T12:42:32Z
Issue,CLOSED,MCT8-docking,2026-01-20T14:29:56Z,2026-01-20T14:51:16Z,,2026-02-06T12:42:31Z
Issue,CLOSED,MCT8-docking,2026-01-20T14:29:42Z,2026-01-20T14:51:14Z,,2026-02-06T12:42:29Z
Issue,CLOSED,MCT8-docking,2026-01-20T14:29:16Z,2026-01-20T14:51:11Z,,2026-02-06T12:42:28Z
Issue,CLOSED,qAOP-app,2026-01-05T14:20:22Z,2026-01-20T14:34:28Z,,2026-02-06T12:42:27Z
Issue,CLOSED,qAOP-app,2026-01-20T14:13:47Z,2026-01-20T14:34:30Z,,2026-02-06T12:42:26Z
Issue,CLOSED,KE-WP-mapping,2026-01-16T14:48:20Z,2026-01-16T19:40:23Z,,2026-02-06T12:42:23Z
Issue,CLOSED,KE-WP-mapping,2026-01-16T14:50:03Z,2026-01-16T19:40:26Z,,2026-02-06T12:42:24Z
Issue,CLOSED,ui-casestudy-config,2025-09-29T11:52:54Z,2026-01-29T09:18:30Z,,2026-02-06T12:42:06Z
Issue,CLOSED,KE-WP-mapping,2026-01-16T14:47:51Z,2026-01-16T19:39:08Z,,2026-02-06T12:42:21Z
Issue,CLOSED,KE-WP-mapping,2026-01-15T20:59:50Z,2026-01-26T07:27:55Z,,2026-02-06T12:42:20Z
Issue,CLOSED,KE-WP-mapping,2025-08-08T20:53:20Z,2026-01-14T13:21:51Z,,2026-02-06T12:42:19Z
Issue,CLOSED,KE-WP-mapping,2026-01-13T11:37:04Z,2026-01-14T13:22:55Z,,2026-02-06T12:42:18Z
Issue,CLOSED,KE-WP-mapping,2026-01-12T20:06:18Z,2026-01-29T06:52:40Z,,2026-02-06T12:42:17Z
Issue,CLOSED,QSPRpred-Docker,2025-11-14T15:24:32Z,2026-02-01T18:56:37Z,,2026-02-06T12:42:16Z
Issue,CLOSED,QSPRpred-Docker,2025-10-20T09:07:07Z,2026-02-01T18:59:54Z,,2026-02-06T12:42:15Z
Issue,CLOSED,QSPRpred-Docker,2025-09-25T09:50:33Z,2026-02-01T19:07:53Z,,2026-02-06T12:42:14Z
Issue,CLOSED,qAOP-app,2026-01-05T10:25:21Z,2026-01-05T11:17:56Z,,2026-02-06T12:42:13Z
Issue,CLOSED,qAOP-app,2025-08-20T12:13:26Z,2026-01-05T10:21:47Z,,2026-02-06T12:42:12Z
Issue,CLOSED,qAOP-app,2025-08-20T12:12:16Z,2026-01-05T10:21:47Z,,2026-02-06T12:42:11Z
Issue,CLOSED,qAOP-app,2025-05-16T15:52:06Z,2025-08-19T20:56:15Z,,2026-02-06T12:42:10Z
Issue,CLOSED,virtual-human-platform,2025-12-03T13:57:35Z,2025-12-09T12:28:18Z,,2026-02-06T12:42:09Z
Issue,CLOSED,KE-WP-mapping,2026-01-13T14:29:40Z,2026-01-14T13:21:30Z,,2026-02-06T12:42:08Z
Issue,CLOSED,ui-casestudy-config,2025-09-29T11:52:08Z,2026-01-26T13:46:58Z,,2026-02-06T12:42:07Z
Issue,CLOSED,MCT8-docking,2025-11-17T14:53:43Z,2025-12-23T11:19:43Z,,2026-02-06T12:42:03Z
Issue,CLOSED,qAOP-app,2025-04-03T11:47:58Z,2026-01-05T10:21:35Z,,2026-02-06T12:42:05Z
Issue,CLOSED,QSPRpred-Docker,2025-01-29T18:43:09Z,2026-02-01T18:59:59Z,,2026-02-06T12:42:04Z
Issue,CLOSED,virtual-human-platform,2025-11-03T12:29:12Z,2026-01-26T19:38:22Z,,2026-02-06T12:42:02Z
PullRequest,CLOSED,ui-casestudy-config,2025-10-06T09:11:04Z,2025-12-07T09:52:56Z,,2026-02-06T12:42:01Z
Issue,CLOSED,virtual-human-platform,2025-03-31T11:20:17Z,2025-12-08T11:31:10Z,,2026-02-06T12:42:00Z
Issue,CLOSED,virtual-human-platform,2025-11-17T12:30:19Z,2025-12-03T13:53:18Z,,2026-02-06T12:41:59Z
Issue,CLOSED,qAOP-app,2026-01-05T10:23:57Z,2026-01-05T11:17:35Z,,2026-02-06T12:41:58Z
Issue,CLOSED,MCT8-docking,2025-12-27T19:42:32Z,2025-12-28T18:50:44Z,,2026-02-06T12:41:57Z
Issue,CLOSED,qAOP-app,2025-08-20T12:17:02Z,2026-01-05T10:22:21Z,,2026-02-06T12:41:55Z
Issue,CLOSED,virtual-human-platform,2025-03-31T11:12:37Z,2025-12-08T11:30:56Z,,2026-02-06T12:41:54Z
Issue,CLOSED,qAOP-app,2026-01-05T10:23:01Z,2026-01-05T11:17:21Z,,2026-02-06T12:41:53Z
Issue,CLOSED,KE-WP-mapping,2025-10-02T14:27:00Z,2026-01-26T12:09:29Z,,2026-02-06T12:41:50Z
Issue,CLOSED,KE-WP-mapping,2025-10-01T13:13:52Z,2026-01-29T07:22:36Z,,2026-02-06T12:41:43Z
Issue,OPEN,wp1.1,2025-03-13T12:39:09Z,,,2026-02-02T14:43:57Z
Issue,OPEN,wp1.1,2025-12-08T11:30:06Z,,,2026-01-26T19:35:25Z
Issue,CLOSED,virtual-human-platform,2026-01-26T19:30:09Z,2026-02-14T15:13:16Z,,2026-03-20T12:30:14Z
Issue,OPEN,virtual-human-platform,2026-01-08T08:20:17Z,,,2026-04-02T06:22:16Z
Issue,CLOSED,wp1.1,2026-04-01T13:29:43Z,2026-05-14T21:13:40Z,,2026-05-14T21:13:42Z
Issue,OPEN,wp1.1,2026-04-01T13:31:35Z,,,2026-04-13T09:54:06Z
Issue,OPEN,virtual-human-platform,2025-12-08T11:42:12Z,,,2025-12-16T08:17:59Z
Issue,CLOSED,virtual-human-platform,2025-01-13T12:20:24Z,2025-12-08T11:30:33Z,,2025-12-08T12:23:34Z
Issue,CLOSED,virtual-human-platform,2025-12-15T12:10:57Z,2026-01-19T09:43:38Z,,2026-02-06T12:41:42Z
Issue,CLOSED,virtual-human-platform,2025-11-17T12:48:19Z,2025-12-08T11:28:37Z,,2025-12-08T12:45:59Z
Issue,CLOSED,virtual-human-platform,2025-11-17T12:12:08Z,2025-12-06T17:30:45Z,,2025-12-08T12:46:09Z
Issue,CLOSED,virtual-human-platform,2025-09-22T11:30:54Z,2025-12-08T12:42:24Z,,2025-12-08T12:45:51Z
Issue,CLOSED,virtual-human-platform,2025-05-16T12:57:50Z,2025-12-08T11:31:48Z,,2025-12-08T12:36:33Z
Issue,OPEN,virtual-human-platform,2025-11-03T12:30:11Z,,,2025-12-02T14:42:06Z
Issue,OPEN,wp1.1,2025-10-27T12:36:16Z,,,2025-11-13T15:17:29Z
Issue,OPEN,virtual-human-platform,2025-11-06T13:33:51Z,,,2026-05-25T19:35:43Z
Issue,CLOSED,ui-casestudy-config,2025-11-03T14:29:18Z,2025-11-12T07:01:29Z,,2025-11-13T10:55:20Z
Issue,CLOSED,wp1.1,2026-03-03T19:40:18Z,2026-03-16T08:43:50Z,,2026-03-16T12:28:00Z
Issue,CLOSED,glossary,2026-02-26T12:59:29Z,2026-03-03T14:23:26Z,,2026-03-09T12:27:24Z
Issue,CLOSED,wp1.1,2026-03-03T19:54:35Z,2026-03-09T14:01:45Z,,2026-03-16T12:18:47Z
Issue,CLOSED,wp1.1,2026-03-03T19:31:18Z,2026-03-09T12:27:49Z,,2026-03-16T12:18:44Z
Issue,CLOSED,virtual-human-platform,2026-03-09T10:20:00Z,2026-03-09T12:28:04Z,,2026-03-16T12:18:41Z
Issue,CLOSED,cloud,2026-02-19T09:32:55Z,2026-03-09T12:27:35Z,,2026-03-16T12:18:39Z
Issue,CLOSED,wp1.1,2026-03-03T12:57:12Z,2026-03-05T09:07:49Z,,2026-03-09T12:27:28Z
Issue,CLOSED,virtual-human-platform,2026-02-24T10:12:46Z,2026-03-04T03:28:42Z,,2026-03-09T12:27:26Z
Issue,CLOSED,virtual-human-platform,2026-02-24T11:59:12Z,2026-03-02T12:19:53Z,,2026-03-09T12:27:21Z
Issue,CLOSED,virtual-human-platform,2026-02-09T13:32:40Z,2026-02-13T13:38:37Z,,2026-02-23T13:56:14Z
Issue,CLOSED,virtual-human-platform,2026-02-23T13:58:47Z,2026-02-24T09:11:29Z,,2026-03-09T12:27:19Z
Issue,CLOSED,virtual-human-platform,2026-02-23T13:56:44Z,2026-02-23T13:59:10Z,,2026-03-02T12:16:02Z
Issue,CLOSED,virtual-human-platform,2026-02-24T09:59:39Z,2026-02-26T12:59:49Z,,2026-03-02T12:16:05Z
Issue,CLOSED,virtual-human-platform,2026-02-09T11:22:30Z,2026-02-09T13:51:52Z,,2026-02-23T13:55:59Z
Issue,CLOSED,virtual-human-platform,2026-02-23T13:57:26Z,2026-02-24T11:48:45Z,,2026-03-02T12:15:57Z
Issue,CLOSED,virtual-human-platform,2026-02-13T13:39:03Z,2026-02-23T14:57:22Z,,2026-02-23T14:58:47Z
Issue,CLOSED,virtual-human-platform,2026-02-05T09:40:12Z,2026-02-09T13:32:00Z,,2026-02-23T13:56:13Z
Issue,CLOSED,virtual-human-platform,2026-02-24T09:23:58Z,2026-02-26T11:37:33Z,,2026-03-02T12:15:55Z
Issue,CLOSED,virtual-human-platform,2026-01-29T10:45:54Z,2026-02-24T11:57:54Z,,2026-03-02T12:15:52Z
Issue,CLOSED,virtual-human-platform,2026-02-09T07:45:36Z,2026-02-12T11:14:42Z,,2026-02-23T13:56:07Z
Issue,CLOSED,cloud,2026-02-09T08:11:34Z,2026-02-11T07:06:17Z,,2026-02-23T13:56:11Z
Issue,CLOSED,ui-casestudy-config,2026-02-12T11:14:26Z,2026-02-18T11:09:08Z,,2026-02-23T13:56:05Z
Issue,CLOSED,virtual-human-platform,2026-02-09T14:27:40Z,2026-02-20T11:35:35Z,,2026-02-23T13:56:00Z
Issue,CLOSED,virtual-human-platform,2026-02-02T11:51:49Z,2026-02-03T08:46:00Z,,2026-02-09T13:31:54Z
Issue,CLOSED,virtual-human-platform,2026-02-02T14:44:40Z,2026-02-05T09:36:05Z,,2026-02-09T13:31:50Z
Issue,CLOSED,virtual-human-platform,2026-02-02T11:59:23Z,2026-02-02T14:43:35Z,,2026-02-09T13:31:53Z
Issue,CLOSED,virtual-human-platform,2026-02-05T09:46:19Z,2026-02-05T11:24:28Z,,2026-02-09T13:31:48Z
Issue,CLOSED,virtual-human-platform,2026-02-03T10:26:18Z,2026-02-09T08:11:40Z,,2026-02-09T13:31:44Z
Issue,CLOSED,virtual-human-platform,2026-02-03T09:05:01Z,2026-02-03T10:25:04Z,,2026-02-09T13:31:42Z
PullRequest,MERGED,virtual-human-platform,2026-01-19T14:49:47Z,2026-01-19T15:08:02Z,2026-01-19T15:08:02Z,2026-02-02T12:12:29Z
Issue,CLOSED,virtual-human-platform,2026-01-26T08:54:03Z,2026-01-29T09:14:03Z,,2026-02-02T12:12:38Z
Issue,CLOSED,virtual-human-platform,2026-01-23T13:38:38Z,2026-01-27T09:30:12Z,,2026-02-02T12:12:36Z
PullRequest,MERGED,virtual-human-platform,2026-01-19T15:04:28Z,2026-01-19T15:11:43Z,2026-01-19T15:11:43Z,2026-02-02T12:12:33Z
PullRequest,MERGED,virtual-human-platform,2026-01-19T11:09:35Z,2026-01-19T13:34:49Z,2026-01-19T13:34:49Z,2026-02-02T12:12:27Z
Issue,CLOSED,ui-casestudy-config,2025-11-03T14:53:37Z,2026-01-29T09:18:15Z,,2026-01-29T09:35:43Z
Issue,CLOSED,virtual-human-platform,2026-01-29T09:13:45Z,2026-02-02T08:02:11Z,,2026-02-02T12:12:25Z
Issue,CLOSED,virtual-human-platform,2026-01-19T12:59:51Z,2026-01-19T13:20:06Z,,2026-01-26T12:56:30Z
Issue,CLOSED,virtual-human-platform,2026-01-19T12:16:56Z,2026-01-19T13:00:43Z,,2026-01-26T12:56:27Z
Issue,CLOSED,virtual-human-platform,2026-01-19T08:53:36Z,2026-01-19T09:42:07Z,,2026-01-26T12:56:25Z
Issue,CLOSED,virtual-human-platform,2026-01-05T07:52:55Z,2026-01-12T07:23:25Z,,2026-01-26T12:56:23Z
Issue,CLOSED,virtual-human-platform,2026-01-15T11:54:25Z,2026-01-15T11:54:27Z,,2026-01-26T12:56:20Z
Issue,CLOSED,virtual-human-platform,2026-01-08T12:47:35Z,2026-01-15T09:52:44Z,,2026-01-26T12:56:18Z
Issue,CLOSED,virtual-human-platform,2026-01-15T09:48:42Z,2026-01-15T09:52:34Z,,2026-01-26T12:56:15Z
Issue,CLOSED,virtual-human-platform,2026-01-13T11:24:39Z,2026-01-19T07:57:51Z,,2026-01-26T12:56:11Z
Issue,CLOSED,virtual-human-platform,2026-01-22T09:13:40Z,2026-01-22T11:48:32Z,,2026-01-26T12:56:08Z
Issue,CLOSED,virtual-human-platform,2026-01-20T12:07:36Z,2026-01-23T13:37:45Z,,2026-01-26T12:56:05Z
Issue,CLOSED,virtual-human-platform,2025-11-13T14:34:20Z,2026-01-22T13:27:23Z,,2026-01-23T13:39:23Z
Issue,CLOSED,virtual-human-platform,2025-11-03T15:09:51Z,2026-01-08T09:51:51Z,,2026-01-15T09:51:50Z
Issue,CLOSED,virtual-human-platform,2026-01-05T07:52:12Z,2026-01-08T09:52:00Z,,2026-01-15T09:52:03Z
Issue,CLOSED,virtual-human-platform,2026-01-05T10:22:08Z,2026-01-08T09:51:54Z,,2026-01-15T09:51:48Z
Issue,CLOSED,ui-casestudy-config,2025-12-03T13:01:37Z,2025-12-03T13:45:50Z,,2025-12-08T12:39:57Z
Issue,CLOSED,virtual-human-platform,2026-01-06T09:25:31Z,2026-01-12T07:23:30Z,,2026-01-15T09:51:44Z
Issue,CLOSED,ui-casestudy-config,2025-12-03T13:00:17Z,2025-12-03T13:03:24Z,,2025-12-08T12:39:55Z
Issue,CLOSED,ui-casestudy-config,2025-12-09T11:46:40Z,2025-12-09T12:49:34Z,,2026-01-15T09:51:27Z
Issue,CLOSED,ui-casestudy-config,2025-12-04T09:25:42Z,2025-12-11T09:29:04Z,,2026-01-15T09:51:42Z
Issue,CLOSED,virtual-human-platform,2025-12-15T08:37:46Z,2026-01-05T08:24:00Z,,2026-01-15T09:51:32Z
Issue,CLOSED,virtual-human-platform,2025-12-17T08:07:56Z,2026-01-05T07:40:42Z,,2026-01-15T09:51:36Z
Issue,CLOSED,virtual-human-platform,2026-01-08T09:52:41Z,2026-01-08T09:52:43Z,,2026-01-15T09:51:38Z
Issue,CLOSED,ui-casestudy-config,2025-12-04T11:54:27Z,2025-12-18T09:47:03Z,,2026-01-15T09:51:17Z
Issue,CLOSED,ui-casestudy-config,2025-12-15T07:37:01Z,2026-01-05T08:23:57Z,,2026-01-15T09:51:25Z
Issue,CLOSED,virtual-human-platform,2025-11-25T13:07:42Z,2025-12-01T12:24:06Z,,2025-12-08T12:39:52Z
Issue,CLOSED,ui-casestudy-config,2025-12-08T14:22:10Z,2026-01-05T07:40:46Z,,2026-01-15T09:51:13Z
Issue,CLOSED,virtual-human-platform,2025-12-11T11:39:33Z,2025-12-16T08:16:28Z,,2026-01-15T09:51:08Z
Issue,CLOSED,ui-casestudy-config,2025-12-08T13:08:16Z,2025-12-18T09:46:49Z,,2026-01-15T09:51:11Z
Issue,CLOSED,virtual-human-platform,2025-12-09T12:49:01Z,2025-12-18T09:46:55Z,,2026-01-05T07:40:56Z
Issue,CLOSED,virtual-human-platform,2025-12-08T12:03:34Z,2025-12-11T09:28:54Z,,2026-01-15T09:51:06Z
Issue,CLOSED,ui-casestudy-config,2025-12-01T12:33:35Z,2025-12-01T13:35:13Z,,2025-12-08T12:39:50Z
Issue,CLOSED,virtual-human-platform,2025-12-11T09:31:02Z,2025-12-11T10:43:24Z,,2026-01-05T07:41:01Z
Issue,CLOSED,virtual-human-platform,2025-12-11T10:48:23Z,2025-12-11T10:48:25Z,,2026-01-05T07:41:03Z
Issue,CLOSED,virtual-human-platform,2025-12-01T07:37:50Z,2025-12-03T13:01:54Z,,2025-12-08T12:39:47Z
Issue,CLOSED,virtual-human-platform,2025-09-05T11:54:24Z,2026-01-22T09:15:39Z,,2026-01-26T12:55:50Z
Issue,CLOSED,virtual-human-platform,2025-11-27T12:52:29Z,2025-12-03T13:01:51Z,,2025-12-08T12:39:44Z
Issue,CLOSED,ui-casestudy-config,2025-12-03T09:40:42Z,2025-12-04T11:52:08Z,,2025-12-08T12:39:42Z
Issue,CLOSED,ui-casestudy-config,2025-12-02T13:06:34Z,2025-12-08T07:54:30Z,,2025-12-08T12:39:39Z
Issue,CLOSED,virtual-human-platform,2025-12-08T07:55:22Z,2025-12-08T12:05:30Z,,2025-12-08T12:39:37Z
Issue,CLOSED,ui-casestudy-config,2025-12-01T07:36:27Z,2025-12-01T12:24:28Z,,2025-12-08T12:17:42Z
Issue,CLOSED,ui-casestudy-config,2025-09-29T11:42:09Z,2025-12-01T13:43:11Z,,2025-12-02T09:38:43Z
Issue,CLOSED,ui-casestudy-config,2025-11-06T13:02:04Z,2025-12-01T13:43:03Z,,2025-12-02T09:38:54Z
Issue,CLOSED,virtual-human-platform,2025-11-19T07:14:38Z,2025-11-25T13:05:05Z,,2025-12-02T09:38:46Z
Issue,CLOSED,virtual-human-platform,2025-11-18T07:43:34Z,2025-11-27T14:31:37Z,,2025-12-02T09:38:37Z
Issue,CLOSED,virtual-human-platform,2025-11-24T13:06:01Z,2025-11-26T07:40:28Z,,2025-12-02T09:38:35Z
Issue,CLOSED,virtual-human-platform,2025-11-24T08:40:05Z,2025-11-25T13:06:58Z,,2025-12-02T09:38:31Z
Issue,CLOSED,ui-casestudy-config,2025-11-10T12:20:27Z,2025-12-01T13:42:49Z,,2025-12-02T09:38:26Z
Issue,CLOSED,virtual-human-platform,2025-11-19T09:10:48Z,2025-11-20T12:42:42Z,,2025-12-01T13:42:32Z
Issue,CLOSED,virtual-human-platform,2025-11-18T08:08:29Z,2025-11-20T12:42:39Z,,2025-12-01T13:42:30Z
Issue,CLOSED,virtual-human-platform,2025-11-24T13:43:57Z,2025-12-01T12:23:52Z,,2025-12-01T13:42:28Z
Issue,CLOSED,virtual-human-platform,2025-11-18T08:07:52Z,2025-11-20T12:42:26Z,,2025-12-01T13:42:27Z
Issue,CLOSED,virtual-human-platform,2025-09-08T07:21:55Z,2025-11-20T12:43:04Z,,2025-12-01T13:42:22Z
Issue,CLOSED,vhp4safety-docs,2024-07-01T20:16:58Z,2025-12-08T10:03:27Z,,2025-12-08T12:43:50Z
Issue,CLOSED,virtual-human-platform,2025-09-08T07:20:33Z,2025-12-08T10:02:56Z,,2025-12-08T12:43:48Z
Issue,CLOSED,virtual-human-platform,2025-09-08T07:21:08Z,2025-12-08T10:02:54Z,,2025-12-08T12:43:46Z
Issue,CLOSED,virtual-human-platform,2025-10-06T11:20:29Z,2025-12-08T10:02:33Z,,2025-12-08T12:43:43Z
Issue,CLOSED,virtual-human-platform,2025-11-24T14:25:32Z,2025-12-01T12:23:33Z,,2025-12-01T13:42:20Z
Issue,CLOSED,virtual-human-platform,2025-11-24T09:01:34Z,2025-12-01T12:23:16Z,,2025-12-01T13:42:17Z
Issue,CLOSED,virtual-human-platform,2025-11-18T07:57:16Z,2025-11-20T12:44:30Z,,2025-12-01T13:42:11Z
Issue,CLOSED,virtual-human-platform,2025-11-24T13:41:07Z,2025-11-24T13:41:40Z,,2025-12-01T13:42:08Z
Issue,CLOSED,virtual-human-platform,2025-11-11T09:47:36Z,2025-11-13T14:18:29Z,,2025-11-17T12:14:04Z
Issue,CLOSED,virtual-human-platform,2025-11-11T10:59:01Z,2025-11-13T11:39:47Z,,2025-11-17T12:12:25Z
Issue,CLOSED,virtual-human-platform,2025-10-06T11:17:28Z,2025-10-21T19:24:44Z,,2025-11-17T12:12:30Z
Issue,CLOSED,virtual-human-platform,2025-09-29T14:09:50Z,2025-11-17T09:53:25Z,,2025-11-17T12:12:34Z
Issue,CLOSED,virtual-human-platform,2025-09-29T13:37:07Z,2025-11-17T12:11:54Z,,2025-11-17T12:12:49Z
Issue,CLOSED,virtual-human-platform,2025-10-06T11:16:40Z,2025-10-21T19:25:57Z,,2025-11-17T12:12:39Z
Issue,CLOSED,virtual-human-platform,2025-11-04T07:30:07Z,2025-11-12T07:01:39Z,,2025-11-13T10:55:23Z
Issue,CLOSED,ui-casestudy-config,2025-11-04T08:46:13Z,2025-11-12T12:58:13Z,,2025-11-13T10:55:58Z
Issue,CLOSED,ui-casestudy-config,2025-11-04T08:45:41Z,2025-11-12T07:00:57Z,,2025-11-13T10:55:50Z
Issue,CLOSED,virtual-human-platform,2025-11-03T14:54:52Z,2025-11-12T07:01:43Z,,2025-11-13T10:55:26Z
Issue,CLOSED,cloud,2025-03-18T15:23:40Z,2025-11-09T17:07:13Z,,2025-11-17T12:12:18Z
Issue,OPEN,wp1.1,2025-05-12T09:57:50Z,,,2025-11-12T13:09:31Z
Issue,OPEN,virtual-human-platform,2025-09-14T11:11:46Z,,,2025-11-09T16:46:15Z
Issue,OPEN,AOPWikiRDF,2025-09-19T17:42:41Z,,,2025-12-08T12:20:32Z
Issue,OPEN,AOPWikiRDF,2025-09-19T17:42:53Z,,,2025-12-08T12:20:40Z
Issue,CLOSED,qAOP-app,2026-01-03T10:20:22Z,2026-06-01T18:42:45Z,,2026-06-01T18:42:46Z
Issue,CLOSED,AOPWikiRDF,2026-01-12T12:42:15Z,2026-05-15T22:10:41Z,,2026-05-15T22:10:43Z
Issue,CLOSED,KE-WP-mapping,2026-01-14T07:09:23Z,2026-02-18T21:33:35Z,,2026-03-20T12:30:14Z
Issue,OPEN,virtual-human-platform,2025-09-14T11:08:19Z,,,2025-11-09T16:46:13Z
Issue,OPEN,wp1.1,2025-10-27T12:33:27Z,,,2025-10-27T12:33:58Z
DraftIssue,,,2025-06-11T07:37:09Z,,,2025-10-27T12:37:05Z
Issue,CLOSED,virtual-human-platform,2025-09-29T09:05:29Z,2025-10-21T12:58:15Z,,2025-10-27T12:37:04Z
PullRequest,MERGED,virtual-human-platform,2025-10-17T16:15:13Z,2025-10-20T07:43:39Z,2025-10-20T07:43:39Z,2025-10-27T12:37:02Z
Issue,CLOSED,virtual-human-platform,2025-10-06T09:19:36Z,2025-10-24T09:24:24Z,,2025-10-27T12:37:00Z
Issue,CLOSED,molAOP-analyser,2025-08-14T13:34:18Z,2025-10-01T18:57:57Z,,2025-10-06T11:26:36Z
Issue,CLOSED,KE-WP-mapping,2025-10-01T17:03:54Z,2025-10-01T17:28:21Z,,2025-10-06T11:26:49Z
Issue,CLOSED,wp1.1,2025-03-24T12:04:29Z,2025-10-06T10:00:18Z,,2025-10-06T11:26:47Z
Issue,CLOSED,KE-WP-mapping,2025-09-29T16:54:00Z,2025-10-01T17:03:30Z,,2025-10-06T11:26:46Z
PullRequest,MERGED,virtual-human-platform,2025-09-30T04:56:00Z,2025-09-30T09:27:53Z,2025-09-30T09:27:53Z,2025-10-06T11:26:44Z
Issue,CLOSED,AOP-Wiki-RDF-dashboard,2025-09-29T19:23:11Z,2025-10-03T13:29:31Z,,2025-10-06T11:26:43Z
Issue,CLOSED,AOP-Wiki-RDF-dashboard,2025-09-29T19:24:35Z,2025-09-29T21:09:02Z,,2025-10-06T11:26:42Z
Issue,CLOSED,AOPWikiRDF,2025-09-19T17:29:27Z,2025-09-19T17:32:23Z,,2025-10-06T11:26:40Z
Issue,CLOSED,virtual-human-platform,2025-08-26T12:00:42Z,2025-08-26T12:03:15Z,,2025-10-06T11:26:38Z
Issue,CLOSED,AOPWikiRDF,2025-08-19T12:41:07Z,2025-09-19T17:50:37Z,,2025-10-06T11:26:37Z
Issue,CLOSED,virtual-human-platform,2025-06-30T11:00:24Z,2025-09-05T11:53:15Z,,2025-10-06T11:26:34Z
Issue,CLOSED,virtual-human-platform,2026-03-09T13:57:49Z,2026-03-19T13:13:24Z,,2026-03-20T12:36:38Z
Issue,CLOSED,ui-casestudy-config,2026-03-18T12:54:20Z,2026-03-19T12:05:39Z,,2026-03-20T12:36:34Z
Issue,CLOSED,KE-WP-mapping,2026-03-04T14:46:43Z,2026-03-04T15:43:17Z,,2026-03-20T12:36:32Z
Issue,CLOSED,KE-WP-mapping,2026-03-04T14:46:18Z,2026-03-04T15:43:17Z,,2026-03-20T12:36:29Z
Issue,CLOSED,KE-WP-mapping,2026-03-04T14:45:57Z,2026-03-04T15:53:57Z,,2026-03-20T12:36:27Z
Issue,CLOSED,ui-casestudy-config,2026-03-16T15:36:45Z,2026-03-19T09:45:51Z,,2026-03-20T12:36:25Z
Issue,CLOSED,ui-casestudy-config,2026-03-11T14:47:41Z,2026-03-19T07:50:54Z,,2026-03-20T12:36:22Z
Issue,CLOSED,virtual-human-platform,2026-02-26T14:22:31Z,2026-03-19T07:50:51Z,,2026-03-20T12:36:20Z
Issue,CLOSED,ui-casestudy-config,2026-03-11T14:48:58Z,2026-03-19T07:40:05Z,,2026-03-20T12:36:18Z
Issue,CLOSED,virtual-human-platform,2026-03-05T12:17:12Z,2026-03-17T08:04:00Z,,2026-03-20T12:36:16Z
Issue,CLOSED,ui-casestudy-config,2026-03-11T14:48:12Z,2026-03-16T11:19:23Z,,2026-03-20T12:36:14Z
Issue,CLOSED,wp1.1,2026-03-03T19:50:58Z,2026-03-16T05:57:06Z,,2026-03-20T12:36:09Z
Issue,CLOSED,wp1.1,2026-03-03T19:38:24Z,2026-03-16T15:48:16Z,,2026-03-20T12:36:06Z
Issue,CLOSED,molAOP-analyser,2026-03-03T12:54:31Z,2026-03-03T13:02:37Z,,2026-03-20T12:36:04Z
Issue,CLOSED,molAOP-analyser,2026-03-03T12:54:29Z,2026-03-03T13:07:05Z,,2026-03-20T12:36:01Z
Issue,CLOSED,molAOP-analyser,2026-03-03T12:54:27Z,2026-03-03T13:07:03Z,,2026-03-20T12:35:56Z
Issue,CLOSED,molAOP-analyser,2026-03-03T12:54:25Z,2026-03-03T13:07:01Z,,2026-03-20T12:35:53Z
Issue,CLOSED,molAOP-analyser,2026-03-03T12:54:23Z,2026-03-03T13:06:59Z,,2026-03-20T12:35:51Z
Issue,CLOSED,virtual-human-platform,2025-05-16T12:57:57Z,2025-09-22T14:00:19Z,,2025-10-06T11:26:33Z
PullRequest,MERGED,virtual-human-platform,2025-09-12T14:04:41Z,2025-09-16T13:01:32Z,2025-09-16T13:01:32Z,2025-10-06T11:26:29Z
Issue,OPEN,cloud,2025-03-18T15:30:03Z,,,2025-10-06T11:26:32Z
PullRequest,MERGED,virtual-human-platform,2025-08-13T14:03:40Z,2025-09-03T12:00:37Z,2025-09-03T12:00:37Z,2025-10-06T11:26:30Z
Issue,CLOSED,wp1.1,2025-03-27T13:13:38Z,2025-10-06T11:11:17Z,,2025-10-06T11:26:27Z
Issue,CLOSED,molAOP-analyser,2026-03-03T12:54:21Z,2026-03-03T13:06:57Z,,2026-03-20T12:35:48Z
Issue,CLOSED,virtual-human-platform,2025-10-06T11:20:01Z,2026-05-25T19:36:22Z,,2026-05-25T19:36:23Z
Issue,OPEN,virtual-human-platform,2025-12-08T11:40:36Z,,,2026-01-06T10:31:17Z
Issue,CLOSED,KE-WP-mapping,2025-08-12T08:55:27Z,2025-08-12T15:50:50Z,,2025-08-25T11:15:38Z
Issue,CLOSED,molAOP-analyser,2026-03-03T12:54:19Z,2026-03-03T13:05:32Z,,2026-03-20T12:35:46Z
Issue,CLOSED,molAOP-analyser,2026-03-03T12:54:17Z,2026-03-03T13:05:32Z,,2026-03-20T12:35:43Z
Issue,CLOSED,molAOP-analyser,2026-03-03T12:54:16Z,2026-03-03T13:05:31Z,,2026-03-20T12:35:40Z
Issue,CLOSED,molAOP-analyser,2026-03-03T12:54:14Z,2026-03-03T13:06:53Z,,2026-03-20T12:35:37Z
Issue,CLOSED,QSPRpred-Docker,2025-09-22T11:36:22Z,2026-06-01T18:49:53Z,,2026-06-01T18:49:56Z
Issue,CLOSED,wp1.1,2025-03-17T09:57:26Z,2025-10-06T10:01:29Z,,2025-10-06T11:26:24Z
Issue,CLOSED,KE-WP-mapping,2025-08-12T08:53:56Z,2025-08-12T15:51:12Z,,2025-08-25T11:15:37Z
Issue,CLOSED,molAOP-analyser,2025-08-04T10:42:29Z,2025-08-08T20:45:00Z,,2025-08-25T11:15:36Z
Issue,CLOSED,ui-casestudy-config,2025-11-10T09:16:37Z,2025-11-10T12:15:27Z,,2025-11-13T10:55:15Z
Issue,CLOSED,qAOP-app,2025-08-14T06:38:38Z,2025-08-19T20:55:05Z,,2025-08-25T11:15:35Z
Issue,CLOSED,virtual-human-platform,2025-04-29T10:50:51Z,2025-08-13T14:13:37Z,,2025-08-25T11:15:32Z
DraftIssue,,,2025-07-21T09:31:36Z,,,2025-08-25T11:15:33Z
Issue,OPEN,AOP-Suite,2025-07-10T13:18:08Z,,,2025-07-10T13:21:28Z
Issue,CLOSED,virtual-human-platform,2025-01-27T08:50:40Z,2025-02-10T12:07:55Z,,2025-07-03T11:48:01Z
Issue,CLOSED,QSPRpred-Docker,2025-03-24T11:43:49Z,2025-04-17T09:58:40Z,,2025-08-25T11:15:28Z
Issue,CLOSED,virtual-human-platform,2025-05-16T12:58:39Z,2025-07-15T12:53:56Z,,2025-08-07T07:39:28Z
Issue,CLOSED,virtual-human-platform,2025-03-19T13:53:11Z,2025-06-23T12:57:37Z,,2025-07-14T11:32:53Z
Issue,CLOSED,virtual-human-platform,2025-06-30T08:31:09Z,2026-04-30T14:13:03Z,,2026-04-30T14:13:04Z
Issue,CLOSED,cloud,2025-03-19T12:18:42Z,2026-04-30T14:29:09Z,,2026-04-30T14:29:11Z
DraftIssue,,,2025-02-24T12:14:06Z,,,2025-07-03T11:47:29Z
Issue,CLOSED,wp1.1,2025-03-07T09:02:44Z,2025-07-10T13:16:21Z,,2025-07-14T11:23:28Z
Issue,CLOSED,cloud,2025-04-22T10:45:31Z,2026-04-30T14:29:24Z,,2026-04-30T14:29:25Z
Issue,CLOSED,wp1.1,2025-02-27T18:45:22Z,2025-06-10T09:27:21Z,,2025-06-23T11:05:37Z
Issue,CLOSED,QSPRpred-Docker,2025-03-24T15:41:46Z,2025-06-11T14:20:20Z,,2025-06-23T11:05:33Z
DraftIssue,,,2025-04-17T08:02:07Z,,,2025-06-02T11:23:59Z
Issue,CLOSED,virtual-human-platform,2025-04-29T10:50:42Z,2025-05-16T12:32:04Z,,2025-06-02T11:23:57Z
Issue,CLOSED,AOPWikiRDF,2025-02-10T14:47:31Z,2025-04-14T10:52:17Z,,2025-06-02T11:23:56Z
DraftIssue,,,2025-03-17T12:18:33Z,,,2025-06-02T11:23:53Z
Issue,CLOSED,qAOP-app,2025-04-03T11:46:08Z,2025-04-14T11:15:17Z,,2025-06-02T11:23:51Z
Issue,CLOSED,AOPWikiRDF,2025-02-28T11:38:44Z,2025-05-05T19:43:24Z,,2025-06-02T11:23:49Z
Issue,CLOSED,qAOP-app,2025-04-03T11:44:38Z,2025-04-14T10:49:45Z,,2025-06-02T11:23:47Z
Issue,CLOSED,wp1.1,2025-02-27T13:47:19Z,2025-04-07T11:11:26Z,,2025-06-02T11:23:45Z
DraftIssue,,,2025-02-10T12:21:15Z,,,2025-06-02T11:23:43Z
Issue,CLOSED,wp1.1,2025-02-08T07:36:45Z,2025-05-12T09:59:07Z,,2025-06-02T11:23:41Z
Issue,CLOSED,virtual-human-platform,2025-03-05T10:59:44Z,2025-04-07T12:54:53Z,,2025-06-02T11:23:39Z
DraftIssue,,,2025-04-07T11:08:57Z,,,2025-06-02T11:23:36Z
Issue,CLOSED,virtual-human-platform,2025-04-29T10:50:47Z,2025-05-16T12:36:21Z,,2025-06-02T11:23:34Z
DraftIssue,,,2025-04-17T07:57:55Z,,,2025-06-02T11:23:31Z
DraftIssue,,,2025-04-07T12:55:21Z,,,2025-06-02T11:23:28Z
Issue,CLOSED,virtual-human-platform,2025-04-29T10:50:32Z,2025-05-06T08:15:56Z,,2025-06-02T11:23:23Z
Issue,CLOSED,virtual-human-platform,2025-02-12T10:22:29Z,2025-05-12T10:37:33Z,,2025-06-02T11:23:19Z
Issue,CLOSED,wp1.1,2025-02-20T13:22:17Z,2025-03-31T11:19:24Z,,2025-06-02T11:23:21Z
DraftIssue,,,2025-04-17T08:09:05Z,,,2025-06-02T11:23:16Z
Issue,OPEN,cloud,2025-05-19T10:50:51Z,,,2025-05-27T05:30:18Z
Issue,OPEN,wp1.1,2025-03-27T13:41:31Z,,,2025-11-17T12:18:52Z
Issue,OPEN,virtual-human-platform,2025-10-13T18:47:12Z,,,2025-10-20T11:10:39Z
Issue,OPEN,virtual-human-platform,2025-10-13T18:36:58Z,,,2025-10-20T11:10:37Z
DraftIssue,,,2025-04-17T08:12:32Z,,,2025-04-17T08:16:06Z
DraftIssue,,,2025-04-17T08:14:00Z,,,2025-04-17T08:16:16Z
DraftIssue,,,2025-04-17T08:16:35Z,,,2025-04-17T08:18:14Z
DraftIssue,,,2025-04-17T08:18:45Z,,,2025-04-17T08:20:22Z
Issue,OPEN,ui-casestudy-config,2025-09-29T11:54:59Z,,,2025-09-29T14:16:28Z
Issue,OPEN,ui-casestudy-config,2025-09-29T11:48:46Z,,,2025-09-29T14:16:26Z
Issue,OPEN,ons-compoundwiki,2025-02-08T07:35:31Z,,,2025-04-03T08:32:15Z
DraftIssue,,,2025-04-07T09:34:39Z,,,2025-08-25T11:06:35Z
Issue,CLOSED,QSPRpred-Docker,2025-03-24T12:36:59Z,2025-03-31T08:22:14Z,,2025-03-31T12:32:08Z
DraftIssue,,,2025-02-17T13:00:18Z,,,2025-05-28T09:03:50Z
Issue,OPEN,virtual-human-platform,2025-02-20T13:21:21Z,,,2025-05-28T09:03:54Z
Issue,CLOSED,QSPRpred-Docker,2025-03-24T12:39:48Z,2025-03-31T08:22:14Z,,2025-03-31T12:32:03Z
DraftIssue,,,2025-01-06T12:42:28Z,,,2025-03-31T11:02:30Z
Issue,CLOSED,QSPRpred-Docker,2025-03-24T15:47:18Z,2026-06-01T19:30:24Z,,2026-06-01T19:30:27Z
Issue,CLOSED,platform-requirements,2025-03-18T10:03:48Z,2025-03-24T15:13:14Z,,2025-03-31T12:32:41Z
Issue,OPEN,wp1.1,2025-03-31T11:01:54Z,,,2025-03-31T12:49:58Z
Issue,CLOSED,wp1.1,2025-02-27T13:42:37Z,2025-02-28T11:31:22Z,,2025-03-10T12:04:58Z
Issue,CLOSED,virtual-human-platform,2025-02-17T12:29:25Z,2025-06-23T14:07:39Z,,2025-07-14T11:23:28Z
DraftIssue,,,2025-01-06T10:43:04Z,,,2025-01-27T12:05:58Z
Issue,CLOSED,wp1.1,2025-01-27T12:46:26Z,2025-02-04T10:17:05Z,,2025-03-10T12:15:44Z
Issue,CLOSED,virtual-human-platform,2025-02-20T11:50:20Z,2026-03-11T16:14:43Z,,2026-03-20T12:30:14Z
Issue,CLOSED,QSPRpred-Docker,2024-08-15T11:49:32Z,2025-03-27T12:56:53Z,,2025-03-31T12:32:41Z
DraftIssue,,,2025-02-17T13:00:31Z,,,2025-03-31T12:32:41Z
DraftIssue,,,2025-01-06T10:48:04Z,,,2025-03-10T12:14:48Z
Issue,CLOSED,virtual-human-platform,2025-02-12T10:23:18Z,2025-03-05T11:02:46Z,,2025-03-10T12:04:26Z
Issue,CLOSED,virtual-human-platform,2025-02-10T09:12:27Z,2025-02-19T09:12:00Z,,2025-03-10T12:02:27Z
Issue,CLOSED,wp1.1,2025-02-08T07:40:05Z,2025-02-13T09:51:39Z,,2025-03-10T12:01:04Z
Issue,CLOSED,wp1.1,2025-02-08T07:40:16Z,2025-02-19T09:01:56Z,,2025-03-10T12:01:01Z
Issue,CLOSED,virtual-human-platform,2025-01-27T08:42:24Z,2026-03-11T14:53:25Z,,2026-03-20T12:30:14Z
Issue,CLOSED,cloud,2025-04-28T08:12:23Z,2025-05-07T14:31:11Z,,2025-05-19T10:59:30Z
Issue,OPEN,cloud,2025-02-17T12:42:20Z,,,2025-05-19T10:59:25Z
DraftIssue,,,2025-01-20T08:36:33Z,,,2025-02-17T12:31:25Z
Issue,CLOSED,ons-compoundwiki,2025-01-17T12:49:53Z,2025-02-15T09:44:09Z,,2025-02-17T12:16:55Z
Issue,OPEN,wp1.1,2025-01-06T12:54:36Z,,,2025-02-17T12:21:14Z
DraftIssue,,,2025-02-10T12:13:55Z,,,2025-02-17T12:39:43Z
Issue,CLOSED,virtual-human-platform,2025-01-13T12:20:05Z,2025-01-27T12:39:20Z,,2025-02-17T12:20:20Z
DraftIssue,,,2025-01-20T09:05:35Z,,,2025-02-17T12:24:16Z
Issue,CLOSED,virtual-human-platform,2025-01-28T13:00:56Z,2025-02-05T11:28:34Z,,2025-02-17T12:17:17Z
Issue,CLOSED,virtual-human-platform,2025-01-27T08:56:31Z,2025-02-05T11:28:33Z,,2025-02-17T12:16:34Z
Issue,CLOSED,QSPRpred-Docker,2025-01-27T09:44:11Z,2025-01-29T14:41:12Z,,2025-02-17T12:16:24Z
Issue,CLOSED,virtual-human-platform,2025-01-27T08:40:59Z,2025-01-28T11:00:55Z,,2025-02-17T12:15:41Z
DraftIssue,,,2025-01-20T08:35:29Z,,,2025-02-17T12:15:32Z
DraftIssue,,,2025-01-27T10:41:05Z,,,2025-02-17T12:15:28Z
DraftIssue,,,2025-02-05T15:01:05Z,,,2025-02-17T12:24:30Z
Issue,CLOSED,wp1.1,2025-01-06T12:21:06Z,2025-01-27T12:31:24Z,,2025-02-17T12:15:25Z
Issue,CLOSED,virtual-human-platform,2025-01-13T12:20:14Z,2025-01-27T12:30:32Z,,2025-02-17T12:15:22Z
Issue,CLOSED,wp1.1,2025-03-27T13:10:06Z,2025-06-30T11:29:54Z,,2025-07-14T11:23:28Z
DraftIssue,,,2025-03-17T09:50:07Z,,,2025-07-14T11:23:28Z
DraftIssue,,,2025-03-17T10:04:36Z,,,2025-07-14T11:23:28Z
DraftIssue,,,2025-03-24T11:46:44Z,,,2025-07-14T11:23:28Z
Issue,CLOSED,AOPWikiRDF,2025-04-28T06:42:42Z,2025-07-14T11:08:19Z,,2025-07-14T11:23:28Z
DraftIssue,,,2025-01-27T09:59:26Z,,,2025-02-17T12:15:14Z
DraftIssue,,,2025-03-19T13:48:27Z,,,2025-03-31T12:32:01Z
DraftIssue,,,2025-01-27T12:48:54Z,,,2025-02-17T12:15:11Z
Issue,CLOSED,virtual-human-platform,2025-01-27T08:45:35Z,2025-02-10T12:06:13Z,,2025-02-17T12:15:07Z
DraftIssue,,,2025-01-27T12:52:30Z,,,2025-02-17T12:14:35Z
DraftIssue,,,2025-01-27T12:52:57Z,,,2025-02-17T12:14:33Z
DraftIssue,,,2025-01-27T11:06:31Z,,,2025-02-17T12:14:30Z
DraftIssue,,,2025-01-20T08:36:01Z,,,2025-02-17T12:14:25Z
DraftIssue,,,2025-01-27T12:52:20Z,,,2025-02-17T12:14:21Z
Issue,CLOSED,virtual-human-platform,2025-01-27T08:49:23Z,2025-02-10T12:07:48Z,,2025-02-17T12:14:08Z
Issue,CLOSED,wp1.1,2025-01-20T09:02:57Z,2025-01-27T18:26:46Z,,2025-02-17T12:13:05Z
Issue,CLOSED,QSPRpred-Docker,2025-01-28T10:59:31Z,2025-01-28T13:26:34Z,,2025-02-17T12:11:51Z
Issue,CLOSED,wp1.1,2025-01-06T12:36:36Z,2025-01-06T13:18:39Z,,2025-01-27T12:06:34Z
DraftIssue,,,2025-01-06T10:55:49Z,,,2025-01-27T12:08:59Z
Issue,CLOSED,virtual-human-platform,2025-01-27T12:38:21Z,2025-01-27T12:38:32Z,,2025-01-27T13:44:25Z
Issue,CLOSED,wp1.1,2025-01-06T12:34:48Z,2025-01-13T12:21:26Z,,2025-01-27T12:08:47Z
Issue,CLOSED,ons-compoundwiki,2025-01-13T12:56:44Z,2025-01-20T14:07:53Z,,2025-01-27T12:07:08Z
Issue,CLOSED,wp1.1,2025-01-27T12:26:00Z,2025-02-08T07:34:12Z,,2025-03-17T20:26:07Z
Issue,CLOSED,QSPRpred-Docker,2025-03-24T12:28:31Z,2025-03-31T08:22:15Z,,2025-03-31T12:31:58Z
Issue,CLOSED,virtual-human-platform,2025-02-17T12:48:53Z,2026-04-24T13:27:51Z,,2026-04-24T13:27:53Z
Issue,OPEN,wp1.1,2025-01-27T18:30:02Z,,,2025-01-27T18:30:02Z
Issue,CLOSED,QSAR-Toolbox-AI-Assistant,2025-01-13T13:56:42Z,2025-01-13T13:56:44Z,,2025-03-31T12:32:41Z
Issue,CLOSED,virtual-human-platform,2025-01-08T17:47:08Z,2025-01-20T08:09:21Z,,2025-03-31T12:32:41Z
DraftIssue,,,2025-02-10T12:15:39Z,,,2025-03-31T12:32:41Z
Issue,CLOSED,AOPWikiRDF,2024-05-01T06:52:46Z,2025-03-24T12:04:57Z,,2025-03-31T12:32:41Z
Issue,CLOSED,AOPWikiRDF,2024-05-01T06:50:50Z,2025-03-24T12:05:10Z,,2025-03-31T12:32:41Z
Issue,CLOSED,vhp-service-completeness,2025-12-03T13:34:52Z,2026-02-27T07:11:11Z,,2026-03-20T12:33:06Z
DraftIssue,,,2025-01-26T15:30:40Z,,,2025-01-26T15:41:33Z
Issue,OPEN,virtual-human-platform,2025-01-27T08:55:59Z,,,2025-01-27T09:45:02Z
Issue,OPEN,virtual-human-platform,2025-01-27T12:32:55Z,,,2025-01-27T12:32:55Z
DraftIssue,,,2025-02-10T12:25:31Z,,,2025-02-10T12:29:56Z
Issue,OPEN,wp1.1,2025-02-11T09:38:19Z,,,2025-02-11T09:39:21Z
DraftIssue,,,2025-03-05T11:09:34Z,,,2025-03-05T11:11:29Z
Issue,CLOSED,virtual-human-platform,2025-02-20T10:51:31Z,2025-03-17T10:01:41Z,,2025-03-31T12:32:41Z
Issue,CLOSED,wp1.1,2025-02-19T12:54:11Z,2025-02-22T17:32:14Z,,2025-04-28T08:03:16Z
Issue,CLOSED,vhp-service-completeness,2025-12-03T13:34:30Z,2026-02-27T07:11:12Z,,2026-03-20T12:33:04Z
Issue,CLOSED,wp1.1,2025-03-14T13:33:42Z,2025-03-31T06:39:38Z,,2025-04-28T08:04:29Z
Issue,CLOSED,virtual-human-platform,2025-07-07T11:23:10Z,2025-09-01T11:05:58Z,,2025-09-01T11:06:07Z
Issue,CLOSED,wp1.1,2025-03-19T12:14:17Z,2025-03-19T12:28:30Z,,2025-03-31T12:32:41Z
Issue,OPEN,wp1.1,2025-03-31T11:44:49Z,,,2025-04-03T08:32:00Z
Issue,OPEN,wp1.1,2025-03-17T12:29:28Z,,,2025-08-25T11:06:20Z
DraftIssue,,,2025-04-28T08:19:30Z,,,2025-08-25T11:06:23Z
Issue,OPEN,ons-compoundwiki,2025-02-17T10:19:25Z,,,2025-04-03T08:32:09Z
DraftIssue,,,2025-03-31T11:21:02Z,,,2025-08-25T11:06:30Z
Issue,OPEN,wp1.1,2025-02-27T13:48:47Z,,,2025-03-31T11:25:08Z
DraftIssue,,,2025-01-20T09:07:26Z,,,2025-03-17T12:10:42Z
Issue,CLOSED,virtual-human-platform,2025-03-10T12:07:33Z,2025-03-25T11:52:03Z,,2025-03-31T12:32:41Z
Issue,OPEN,QSPRpred-Docker,2025-05-12T10:57:20Z,,,2026-06-24T08:43:13Z
Issue,CLOSED,QSPRpred-Docker,2024-09-10T12:22:07Z,2026-06-01T19:04:56Z,,2026-06-01T19:05:00Z
Issue,OPEN,molAOP-analyser,2025-08-04T10:39:51Z,,,2026-01-26T12:08:17Z
Issue,CLOSED,AOPWikiRDF,2026-01-14T08:24:04Z,2026-02-11T12:44:39Z,,2026-03-20T12:30:14Z
Issue,CLOSED,QSPRpred-Docker,2024-09-10T12:20:57Z,2026-05-05T12:38:01Z,,2026-05-05T12:38:03Z
Issue,CLOSED,QSPRpred-Docker,2024-09-10T12:28:42Z,2026-06-01T19:30:25Z,,2026-06-01T19:30:26Z
Issue,OPEN,QSPRpred-Docker,2024-08-15T11:51:01Z,,,2026-06-24T08:42:56Z
Issue,CLOSED,QSPRpred-Docker,2024-07-31T16:55:23Z,2026-05-05T12:38:01Z,,2026-05-05T12:38:03Z
Issue,CLOSED,QSPRpred-Docker,2024-07-31T16:54:20Z,2026-06-01T19:04:57Z,,2026-06-01T19:04:58Z
DraftIssue,,,2025-03-24T11:51:47Z,,,2025-03-24T11:52:01Z
Issue,OPEN,wp1.1,2024-11-12T09:57:17Z,,,2025-03-24T12:26:44Z
Issue,OPEN,wp1.1,2025-03-24T15:37:29Z,,,2025-03-24T15:37:30Z
Issue,OPEN,QSPRpred-Docker,2025-03-24T15:50:11Z,,,2026-06-24T08:43:05Z
Issue,CLOSED,wp1.1,2025-03-17T12:20:48Z,2025-10-06T10:02:08Z,,2025-10-06T10:02:40Z
Issue,CLOSED,virtual-human-platform,2025-03-31T11:20:47Z,2026-03-23T14:03:13Z,,2026-03-23T14:03:16Z
Issue,CLOSED,QSPRpred-Docker,2025-04-07T07:47:20Z,2026-05-05T12:38:02Z,,2026-05-05T12:38:04Z
Issue,OPEN,QSPRpred-Docker,2025-04-07T08:09:26Z,,,2026-06-24T08:43:07Z
Issue,OPEN,QSPRpred-Docker,2025-04-07T08:15:55Z,,,2026-06-24T08:43:09Z
Issue,OPEN,QSPRpred-Docker,2025-04-07T08:23:40Z,,,2026-06-24T08:43:10Z
Issue,CLOSED,QSPRpred-Docker,2025-04-07T08:27:11Z,2026-05-05T12:38:02Z,,2026-05-05T12:38:03Z
Issue,OPEN,qAOP-app,2025-04-14T11:19:51Z,,,2025-08-14T06:43:31Z
DraftIssue,,,2025-04-17T07:53:44Z,,,2025-08-25T11:19:16Z
DraftIssue,,,2025-04-17T08:06:37Z,,,2025-04-17T08:08:38Z
Issue,CLOSED,virtual-human-platform,2025-07-21T09:28:59Z,2026-03-10T19:46:35Z,,2026-03-20T12:30:14Z
DraftIssue,,,2025-04-28T08:05:06Z,,,2025-05-19T11:05:58Z
Issue,OPEN,vhp4safety-docs,2025-05-19T13:27:33Z,,,2025-06-30T10:59:45Z
Issue,OPEN,wp1.1,2025-03-31T07:57:52Z,,,2025-06-30T10:59:48Z
Issue,OPEN,QSPRpred-Docker,2025-05-13T14:49:23Z,,,2026-06-24T08:43:15Z
Issue,OPEN,ons-compoundwiki,2024-07-11T09:37:04Z,,,2025-07-14T11:06:52Z
Issue,CLOSED,virtual-human-platform,2025-05-16T12:57:39Z,2025-06-23T11:23:44Z,,2025-07-14T11:23:28Z
Issue,CLOSED,vhp-service-completeness,2025-12-03T13:36:01Z,2026-02-27T07:11:00Z,,2026-03-20T12:33:00Z
Issue,CLOSED,virtual-human-platform,2025-05-16T12:58:07Z,2026-03-12T01:16:24Z,,2026-03-20T12:30:14Z
Issue,OPEN,wp1.1,2025-06-10T09:24:58Z,,,2025-06-10T09:24:58Z
PullRequest,MERGED,virtual-human-platform,2025-06-24T15:44:46Z,2025-06-25T10:24:56Z,2025-06-25T10:24:56Z,2025-07-14T11:23:29Z
Issue,CLOSED,virtual-human-platform,2025-06-02T09:45:51Z,2025-06-25T10:24:57Z,,2025-07-14T11:23:29Z
Issue,OPEN,virtual-human-platform,2025-07-14T11:25:33Z,,,2025-07-14T11:26:05Z
DraftIssue,,,2025-07-21T11:15:41Z,,,2025-07-21T11:23:22Z
Issue,CLOSED,virtual-human-platform,2025-07-14T09:30:47Z,2025-07-14T09:30:49Z,,2025-07-14T11:23:29Z
Issue,CLOSED,vhp-service-completeness,2025-12-03T13:35:18Z,2026-02-27T07:11:06Z,,2026-03-20T12:32:57Z
Issue,CLOSED,AOP-Suite,2025-07-14T09:34:55Z,2025-07-14T09:35:29Z,,2025-07-14T11:23:29Z
Issue,CLOSED,vhp-service-completeness,2025-12-03T13:35:05Z,2026-02-27T07:11:09Z,,2026-03-20T12:32:53Z
Issue,CLOSED,vhp-service-completeness,2025-12-03T13:36:49Z,2026-02-27T07:10:53Z,,2026-03-20T12:32:51Z
Issue,CLOSED,vhp-service-completeness,2025-12-03T13:36:13Z,2026-02-27T07:10:58Z,,2026-03-20T12:32:47Z
Issue,CLOSED,vhp-service-completeness,2025-12-03T13:35:49Z,2026-02-27T07:11:01Z,,2026-03-20T12:32:45Z
Issue,CLOSED,vhp-service-completeness,2025-12-03T13:35:39Z,2026-02-27T07:11:03Z,,2026-03-20T12:32:43Z
DraftIssue,,,2025-03-24T11:45:26Z,,,2025-08-25T11:15:52Z
Issue,CLOSED,molAOP-analyser,2025-08-04T10:37:03Z,2025-08-08T20:29:30Z,,2025-08-25T11:15:52Z
Issue,CLOSED,AOP-Wiki-RDF-dashboard,2025-08-04T10:36:19Z,2025-08-20T20:18:59Z,,2025-08-25T11:15:52Z
Issue,CLOSED,AOP-Wiki-RDF-dashboard,2025-08-04T10:35:07Z,2025-08-20T20:20:21Z,,2025-08-25T11:15:52Z
Issue,CLOSED,KE-WP-mapping,2025-08-04T10:57:52Z,2025-08-08T07:27:51Z,,2025-08-25T11:15:52Z
Issue,CLOSED,KE-WP-mapping,2025-01-14T09:13:37Z,2025-08-08T07:27:51Z,,2025-08-25T11:15:53Z
Issue,CLOSED,KE-WP-mapping,2025-01-14T09:12:50Z,2025-08-08T07:27:50Z,,2025-08-25T11:15:53Z
Issue,CLOSED,AOP-Wiki-RDF-dashboard,2025-08-04T10:34:54Z,2025-08-10T13:07:44Z,,2025-08-25T11:15:52Z
Issue,CLOSED,KE-WP-mapping,2026-02-11T08:58:09Z,2026-02-11T11:48:50Z,,2026-03-20T12:33:34Z
Issue,CLOSED,KE-WP-mapping,2025-01-14T09:11:34Z,2025-08-08T07:51:36Z,,2025-08-25T11:15:53Z
Issue,CLOSED,KE-WP-mapping,2025-01-14T09:10:38Z,2025-08-08T07:51:24Z,,2025-08-25T11:15:53Z
Issue,CLOSED,KE-WP-mapping,2025-01-14T09:07:46Z,2025-08-12T15:52:07Z,,2025-08-25T11:15:53Z
Issue,CLOSED,KE-WP-mapping,2026-02-11T08:57:58Z,2026-02-11T11:48:50Z,,2026-03-20T12:33:25Z
Issue,CLOSED,AOPWikiRDF,2025-08-10T13:56:52Z,2025-08-10T14:01:00Z,,2025-08-25T11:15:53Z
Issue,CLOSED,AOPWikiRDF,2025-08-10T14:10:13Z,2025-08-10T14:14:14Z,,2025-08-25T11:16:14Z
Issue,CLOSED,KE-WP-mapping,2026-02-11T08:57:47Z,2026-02-18T21:46:10Z,,2026-03-20T12:33:22Z
Issue,CLOSED,AOPWikiRDF,2025-08-10T14:09:57Z,2025-08-20T11:57:39Z,,2025-08-25T11:16:14Z
Issue,CLOSED,aopwiki-snorql-extended,2025-08-10T18:02:19Z,2025-08-13T12:06:56Z,,2025-08-25T11:16:14Z
Issue,CLOSED,KE-WP-mapping,2026-02-11T08:57:35Z,2026-02-11T11:48:49Z,,2026-03-20T12:33:18Z
Issue,CLOSED,aopwiki-snorql-extended,2025-08-10T18:02:15Z,2025-08-10T18:11:25Z,,2025-08-25T11:16:14Z
Issue,CLOSED,aopwiki-snorql-extended,2025-08-13T11:56:54Z,2025-08-13T11:57:49Z,,2025-08-25T11:16:14Z
Issue,CLOSED,KE-WP-mapping,2025-08-13T06:36:50Z,2025-08-13T06:41:04Z,,2025-08-25T11:16:14Z
Issue,CLOSED,KE-WP-mapping,2025-08-12T08:55:56Z,2025-08-12T15:51:23Z,,2025-08-25T11:16:14Z
PullRequest,MERGED,virtual-human-platform,2026-02-14T12:50:30Z,2026-02-23T07:50:49Z,2026-02-23T07:50:49Z,2026-03-20T12:33:40Z
Issue,CLOSED,aopwiki-snorql-extended,2024-03-01T17:53:52Z,2025-08-13T11:58:42Z,,2025-08-25T11:16:14Z
Issue,CLOSED,KE-WP-mapping,2026-02-08T19:25:32Z,2026-02-19T06:09:56Z,,2026-03-20T12:33:15Z
Issue,CLOSED,KE-WP-mapping,2026-02-11T08:58:36Z,2026-03-02T12:23:32Z,,2026-03-20T12:33:38Z
Issue,CLOSED,qAOP-app,2025-05-26T10:04:45Z,2025-08-19T07:54:11Z,,2025-08-25T11:16:14Z
Issue,OPEN,AOPWikiRDF,2025-08-13T12:50:22Z,,,2025-08-14T06:45:52Z
Issue,OPEN,aopwiki-snorql-extended,2025-08-13T12:50:52Z,,,2025-08-14T06:46:21Z
Issue,OPEN,aopwiki-snorql-extended,2025-08-10T18:32:15Z,,,2025-08-14T06:46:21Z
Issue,OPEN,aopwiki-snorql-extended,2025-08-10T18:32:20Z,,,2025-08-14T06:46:21Z
Issue,OPEN,aopwiki-snorql-extended,2025-08-10T18:31:43Z,,,2025-08-14T06:46:21Z
Issue,OPEN,aopwiki-snorql-extended,2025-08-10T18:31:37Z,,,2025-08-14T06:46:21Z
Issue,CLOSED,molAOP-analyser,2025-08-14T14:04:24Z,2025-08-18T08:33:48Z,,2025-08-25T11:16:14Z
Issue,CLOSED,molAOP-analyser,2025-08-14T14:04:02Z,2025-08-17T09:11:30Z,,2025-08-25T11:16:14Z
Issue,CLOSED,molAOP-analyser,2025-08-14T13:35:26Z,2025-08-17T09:11:31Z,,2025-08-25T11:16:14Z
Issue,CLOSED,KE-WP-mapping,2026-02-08T19:25:28Z,2026-02-12T00:05:32Z,,2026-03-20T12:33:11Z
Issue,CLOSED,molAOP-analyser,2025-08-14T13:34:00Z,2025-08-17T09:11:33Z,,2025-08-25T11:16:14Z
Issue,CLOSED,molAOP-analyser,2025-08-14T13:31:41Z,2025-08-17T09:11:35Z,,2025-08-25T11:16:14Z
Issue,CLOSED,KE-WP-mapping,2026-02-11T11:43:27Z,2026-02-18T07:16:51Z,,2026-03-20T12:33:45Z
Issue,CLOSED,molAOP-analyser,2026-03-01T12:58:56Z,2026-03-03T13:03:09Z,,2026-03-20T12:34:27Z
Issue,OPEN,molAOP-analyser,2025-08-14T13:31:18Z,,,2025-08-17T09:08:20Z
Issue,CLOSED,molAOP-analyser,2025-08-14T13:31:01Z,2025-08-17T09:11:36Z,,2025-08-25T11:16:14Z
Issue,CLOSED,molAOP-analyser,2026-03-01T12:53:30Z,2026-03-03T13:05:30Z,,2026-03-20T12:34:24Z
Issue,CLOSED,KE-WP-mapping,2026-02-20T08:18:12Z,2026-02-23T14:19:57Z,,2026-03-20T12:34:20Z
Issue,CLOSED,KE-WP-mapping,2026-02-20T08:18:01Z,2026-02-23T14:19:55Z,,2026-03-20T12:34:16Z
Issue,CLOSED,KE-WP-mapping,2026-02-20T08:17:50Z,2026-02-23T14:19:53Z,,2026-03-20T12:34:14Z
Issue,CLOSED,KE-WP-mapping,2026-02-20T08:17:36Z,2026-02-23T14:19:51Z,,2026-03-20T12:34:12Z
Issue,CLOSED,KE-WP-mapping,2026-02-20T08:17:02Z,2026-02-23T14:19:49Z,,2026-03-20T12:34:10Z
Issue,CLOSED,KE-WP-mapping,2026-02-19T12:20:15Z,2026-02-23T14:20:00Z,,2026-03-20T12:34:07Z
Issue,CLOSED,KE-WP-mapping,2026-02-19T12:19:34Z,2026-02-23T14:20:02Z,,2026-03-20T12:34:05Z
Issue,CLOSED,KE-WP-mapping,2026-02-18T08:00:44Z,2026-02-23T14:20:04Z,,2026-03-20T12:34:02Z
Issue,CLOSED,KE-WP-mapping,2026-02-18T07:59:29Z,2026-02-18T21:33:33Z,,2026-03-20T12:33:59Z
Issue,CLOSED,KE-WP-mapping,2026-02-18T07:57:36Z,2026-02-18T21:33:31Z,,2026-03-20T12:33:55Z
Issue,CLOSED,KE-WP-mapping,2026-02-18T07:22:47Z,2026-02-18T21:33:30Z,,2026-03-20T12:33:50Z
Issue,OPEN,qAOP-app,2025-08-20T07:41:12Z,,,2025-10-06T11:21:54Z
Issue,OPEN,qAOP-app,2025-08-20T07:36:06Z,,,2025-10-06T11:22:13Z
Issue,CLOSED,AOP-Wiki-RDF-dashboard,2025-09-29T19:24:00Z,2026-05-26T18:27:46Z,,2026-05-26T18:27:48Z
Issue,OPEN,AOPWikiRDF,2025-09-19T17:43:03Z,,,2025-11-24T12:08:48Z
Issue,CLOSED,virtual-human-platform,2025-11-17T12:56:57Z,2026-04-24T13:29:55Z,,2026-04-24T13:29:59Z
Issue,OPEN,AOPWikiRDF,2025-10-23T13:13:02Z,,,2025-11-24T12:08:13Z
Issue,OPEN,glossary,2025-12-08T10:38:43Z,,,2025-12-08T10:41:05Z
Issue,OPEN,wp1.1,2025-12-08T10:50:39Z,,,2026-01-26T19:35:23Z
Issue,OPEN,virtual-human-platform,2025-12-08T11:44:50Z,,,2025-12-08T11:44:51Z
Issue,OPEN,virtual-human-platform,2025-12-08T11:46:40Z,,,2025-12-08T11:46:40Z
Issue,OPEN,QSPRpred-Docker,2024-08-15T11:50:29Z,,,2026-06-24T08:42:55Z
Issue,OPEN,QSPRpred-Docker,2025-11-14T15:25:55Z,,,2026-01-13T11:27:19Z
Issue,OPEN,virtual-human-platform,2026-01-19T12:17:27Z,,,2026-01-19T12:17:27Z
Issue,CLOSED,KE-WP-mapping,2026-01-27T08:50:35Z,2026-02-11T12:01:34Z,,2026-03-20T12:30:38Z
Issue,CLOSED,KE-WP-mapping,2026-03-03T12:47:02Z,2026-03-03T13:01:37Z,,2026-03-20T12:35:01Z
Issue,CLOSED,KE-WP-mapping,2026-03-03T12:47:00Z,2026-03-03T13:01:37Z,,2026-03-20T12:34:59Z
Issue,CLOSED,virtual-human-platform,2026-03-02T12:25:59Z,2026-03-10T20:32:00Z,,2026-03-20T12:34:56Z
Issue,CLOSED,molAOP-analyser,2026-03-01T13:06:50Z,2026-03-01T13:07:03Z,,2026-03-20T12:34:50Z
Issue,CLOSED,molAOP-analyser,2026-03-01T13:04:11Z,2026-03-01T13:07:05Z,,2026-03-20T12:34:48Z
Issue,CLOSED,molAOP-analyser,2026-03-01T13:02:58Z,2026-03-01T13:07:01Z,,2026-03-20T12:34:46Z
Issue,CLOSED,molAOP-analyser,2026-03-01T13:02:38Z,2026-03-01T13:07:00Z,,2026-03-20T12:34:42Z
Issue,CLOSED,molAOP-analyser,2026-03-01T13:00:03Z,2026-03-03T13:05:31Z,,2026-03-20T12:34:40Z
Issue,CLOSED,molAOP-analyser,2026-03-01T12:59:42Z,2026-03-03T13:03:10Z,,2026-03-20T12:34:38Z
Issue,CLOSED,molAOP-analyser,2026-03-01T12:59:26Z,2026-03-03T13:03:09Z,,2026-03-20T12:34:33Z
Issue,CLOSED,KE-WP-mapping,2026-01-29T07:22:09Z,2026-03-04T16:11:20Z,,2026-03-20T12:30:38Z
Issue,CLOSED,molAOP-analyser,2026-03-03T12:54:05Z,2026-03-03T13:06:44Z,,2026-03-20T12:35:22Z
Issue,CLOSED,molAOP-analyser,2026-03-03T12:54:04Z,2026-03-03T13:06:42Z,,2026-03-20T12:35:19Z
Issue,CLOSED,molAOP-analyser,2026-03-03T12:54:01Z,2026-03-03T13:06:40Z,,2026-03-20T12:35:17Z
Issue,CLOSED,KE-WP-mapping,2026-03-03T12:47:09Z,2026-03-03T13:01:38Z,,2026-03-20T12:35:14Z
Issue,CLOSED,vhp-service-completeness,2025-12-03T13:35:30Z,2026-02-27T07:11:05Z,,2026-03-20T12:32:36Z
Issue,CLOSED,vhp-service-completeness,2025-12-03T13:34:16Z,2026-02-27T07:11:14Z,,2026-03-20T12:33:08Z
Issue,CLOSED,KE-WP-mapping,2026-03-03T12:47:06Z,2026-03-03T13:01:38Z,,2026-03-20T12:35:08Z
Issue,CLOSED,molAOP-analyser,2026-03-03T12:54:11Z,2026-03-03T13:06:51Z,,2026-03-20T12:35:32Z
Issue,CLOSED,KE-WP-mapping,2026-02-11T08:58:24Z,2026-02-18T21:46:12Z,,2026-03-20T12:33:36Z
Issue,CLOSED,KE-WP-mapping,2026-02-13T21:06:24Z,2026-02-17T21:03:53Z,,2026-03-20T12:33:48Z
Issue,CLOSED,molAOP-analyser,2026-03-01T12:59:05Z,2026-03-03T13:03:09Z,,2026-03-20T12:34:31Z
Issue,CLOSED,KE-WP-mapping,2026-03-03T12:47:04Z,2026-03-03T13:01:38Z,,2026-03-20T12:35:05Z
Issue,CLOSED,molAOP-analyser,2026-03-03T12:54:07Z,2026-03-03T13:06:46Z,,2026-03-20T12:35:24Z
Issue,CLOSED,molAOP-analyser,2026-03-03T12:54:09Z,2026-03-03T13:06:48Z,,2026-03-20T12:35:30Z
Issue,OPEN,KE-WP-mapping,2026-01-29T07:49:21Z,,,2026-02-13T14:55:12Z
Issue,CLOSED,vhp-service-completeness,2025-12-03T13:36:16Z,2026-04-17T11:38:46Z,,2026-04-17T11:38:49Z
Issue,CLOSED,vhp-service-completeness,2025-12-03T13:36:17Z,2026-05-15T12:15:44Z,,2026-05-15T12:15:47Z
Issue,CLOSED,vhp-service-completeness,2025-12-03T13:36:19Z,2026-04-17T10:34:07Z,,2026-04-17T10:34:11Z
Issue,CLOSED,vhp-service-completeness,2025-12-03T13:36:20Z,2026-04-17T12:06:30Z,,2026-04-17T12:06:34Z
Issue,OPEN,vhp-service-completeness,2025-12-03T13:36:22Z,,,2026-02-06T10:21:58Z
Issue,OPEN,vhp-service-completeness,2025-12-03T13:36:24Z,,,2026-02-06T10:21:59Z
Issue,OPEN,vhp-service-completeness,2025-12-03T13:36:27Z,,,2026-02-06T10:21:59Z
Issue,CLOSED,vhp-service-completeness,2025-12-03T13:36:28Z,2026-04-17T12:55:22Z,,2026-04-17T12:55:24Z
Issue,OPEN,vhp-service-completeness,2025-12-03T13:36:55Z,,,2026-02-06T10:22:00Z
Issue,OPEN,vhp-service-completeness,2025-12-03T13:36:57Z,,,2026-02-06T10:22:01Z
Issue,OPEN,vhp-service-completeness,2025-12-03T13:36:58Z,,,2026-02-06T10:22:01Z
Issue,OPEN,vhp-service-completeness,2025-12-03T13:38:18Z,,,2026-02-06T10:22:02Z
Issue,OPEN,vhp-service-completeness,2025-12-03T13:38:21Z,,,2026-02-06T10:22:03Z
Issue,CLOSED,vhp-service-completeness,2025-12-03T13:38:30Z,2026-03-26T10:26:24Z,,2026-03-26T10:26:27Z
Issue,OPEN,vhp-service-completeness,2025-12-03T13:38:33Z,,,2026-03-30T11:15:35Z
Issue,OPEN,vhp-service-completeness,2025-12-03T13:37:31Z,,,2026-02-06T10:22:22Z
Issue,OPEN,vhp-service-completeness,2025-12-03T13:37:35Z,,,2026-02-06T10:22:23Z
Issue,OPEN,vhp-service-completeness,2025-12-03T13:37:37Z,,,2026-02-06T10:22:24Z
Issue,OPEN,vhp-service-completeness,2025-12-03T13:37:38Z,,,2026-02-06T10:22:24Z
Issue,OPEN,vhp-service-completeness,2025-12-03T13:37:40Z,,,2026-02-06T10:22:25Z
Issue,OPEN,vhp-service-completeness,2025-12-03T13:37:41Z,,,2026-02-06T10:22:25Z
Issue,OPEN,vhp-service-completeness,2025-12-03T13:37:46Z,,,2026-02-06T10:22:26Z
Issue,OPEN,vhp-service-completeness,2025-12-03T13:37:47Z,,,2026-02-06T10:22:27Z
Issue,OPEN,vhp-service-completeness,2025-12-03T13:38:09Z,,,2026-02-06T10:22:28Z
Issue,OPEN,vhp-service-completeness,2025-12-03T13:38:11Z,,,2026-02-06T10:22:29Z
Issue,OPEN,vhp-service-completeness,2025-12-03T13:38:13Z,,,2026-02-06T10:22:29Z
Issue,OPEN,vhp-service-completeness,2025-12-03T13:38:15Z,,,2026-02-06T10:22:29Z
Issue,OPEN,vhp-service-completeness,2025-12-03T13:38:16Z,,,2026-02-06T10:22:30Z
Issue,OPEN,vhp-service-completeness,2025-12-03T13:39:07Z,,,2026-02-17T09:47:21Z
Issue,CLOSED,vhp-service-completeness,2025-12-03T13:39:08Z,2026-05-26T22:16:18Z,,2026-05-26T22:16:21Z
Issue,CLOSED,vhp-service-completeness,2025-12-03T13:39:10Z,2026-05-26T22:13:31Z,,2026-05-26T22:13:32Z
Issue,OPEN,vhp-service-completeness,2025-12-03T13:39:11Z,,,2026-02-06T10:23:25Z
Issue,CLOSED,vhp-service-completeness,2025-12-03T13:39:13Z,2026-05-26T22:13:33Z,,2026-05-26T22:13:35Z
Issue,OPEN,vhp-service-completeness,2025-12-03T13:39:15Z,,,2026-02-06T10:23:27Z
Issue,OPEN,vhp-service-completeness,2025-12-03T13:37:13Z,,,2026-02-06T10:23:37Z
Issue,CLOSED,vhp-service-completeness,2025-12-03T13:37:17Z,2026-05-26T22:16:15Z,,2026-05-26T22:16:17Z
Issue,CLOSED,vhp-service-completeness,2025-12-03T13:37:18Z,2026-05-26T22:13:29Z,,2026-05-26T22:13:31Z
Issue,OPEN,vhp-service-completeness,2025-12-03T13:37:22Z,,,2026-02-06T10:23:38Z
Issue,OPEN,vhp-service-completeness,2025-12-03T13:37:25Z,,,2026-02-06T10:23:39Z
Issue,OPEN,vhp-service-completeness,2025-12-03T13:37:27Z,,,2026-02-06T10:23:40Z
Issue,OPEN,vhp-service-completeness,2025-12-03T13:37:28Z,,,2026-02-06T10:23:40Z
Issue,OPEN,vhp-service-completeness,2025-12-03T13:37:30Z,,,2026-02-06T10:23:40Z
Issue,OPEN,vhp-service-completeness,2025-12-03T13:38:43Z,,,2026-02-06T10:23:41Z
Issue,OPEN,vhp-service-completeness,2025-12-03T13:38:45Z,,,2026-02-06T10:23:41Z
Issue,OPEN,vhp-service-completeness,2025-12-03T13:38:46Z,,,2026-02-06T10:23:41Z
Issue,OPEN,vhp-service-completeness,2025-12-03T13:38:47Z,,,2026-02-06T10:23:42Z
Issue,OPEN,vhp-service-completeness,2025-12-03T13:38:49Z,,,2026-02-06T10:23:42Z
Issue,OPEN,vhp-service-completeness,2025-12-03T13:38:50Z,,,2026-02-06T10:23:42Z
Issue,OPEN,vhp-service-completeness,2025-12-03T13:38:52Z,,,2026-02-06T10:23:43Z
Issue,OPEN,vhp-service-completeness,2025-12-03T13:38:53Z,,,2026-02-06T10:23:43Z
Issue,OPEN,vhp-service-completeness,2025-12-03T13:38:55Z,,,2026-02-06T10:23:43Z
Issue,OPEN,vhp-service-completeness,2025-12-03T13:38:56Z,,,2026-02-06T10:23:44Z
Issue,OPEN,vhp-service-completeness,2025-12-03T13:38:57Z,,,2026-02-06T10:23:44Z
Issue,OPEN,vhp-service-completeness,2025-12-03T13:38:59Z,,,2026-02-17T11:09:00Z
Issue,OPEN,vhp-service-completeness,2025-12-03T13:39:00Z,,,2026-02-17T09:47:18Z
Issue,OPEN,vhp-service-completeness,2025-12-03T13:35:52Z,,,2026-02-06T10:24:37Z
Issue,CLOSED,vhp-service-completeness,2025-12-03T13:35:53Z,2026-05-16T13:48:41Z,,2026-05-16T13:48:43Z
Issue,CLOSED,vhp-service-completeness,2025-12-03T13:36:30Z,2026-05-26T22:16:20Z,,2026-05-26T22:16:22Z
Issue,CLOSED,vhp-service-completeness,2025-12-03T13:36:31Z,2026-05-26T22:13:35Z,,2026-05-26T22:13:38Z
Issue,OPEN,vhp-service-completeness,2025-12-03T13:36:33Z,,,2026-02-06T10:24:39Z
Issue,OPEN,vhp-service-completeness,2025-12-03T13:36:34Z,,,2026-02-06T10:24:39Z
Issue,CLOSED,vhp-service-completeness,2025-12-03T13:36:36Z,2026-05-26T22:16:27Z,,2026-05-26T22:16:28Z
Issue,OPEN,vhp-service-completeness,2025-12-03T13:36:37Z,,,2026-02-06T10:24:40Z
Issue,OPEN,vhp-service-completeness,2025-12-03T13:36:40Z,,,2026-02-23T11:38:38Z
Issue,OPEN,vhp-service-completeness,2025-12-03T13:37:00Z,,,2026-02-06T10:24:42Z
Issue,CLOSED,vhp-service-completeness,2025-12-03T13:37:02Z,2026-05-26T22:16:14Z,,2026-05-26T22:16:16Z
Issue,CLOSED,vhp-service-completeness,2025-12-03T13:37:04Z,2026-05-26T22:13:23Z,,2026-05-26T22:13:26Z
Issue,OPEN,vhp-service-completeness,2025-12-03T13:37:05Z,,,2026-02-06T10:24:43Z
Issue,CLOSED,vhp-service-completeness,2025-12-03T13:37:07Z,2026-05-26T22:13:25Z,,2026-05-26T22:13:27Z
Issue,CLOSED,vhp-service-completeness,2025-12-03T13:37:09Z,2026-05-26T22:16:23Z,,2026-05-26T22:16:25Z
Issue,OPEN,vhp-service-completeness,2025-12-03T13:37:10Z,,,2026-02-06T10:24:45Z
Issue,CLOSED,vhp-service-completeness,2025-12-03T13:37:15Z,2026-05-26T22:13:27Z,,2026-05-26T22:13:29Z
Issue,CLOSED,vhp-service-completeness,2025-12-03T13:37:20Z,2026-05-26T22:16:25Z,,2026-05-26T22:16:27Z
Issue,OPEN,vhp-service-completeness,2025-12-03T13:38:36Z,,,2026-02-06T10:24:47Z
Issue,OPEN,vhp-service-completeness,2025-12-03T13:38:37Z,,,2026-02-06T10:24:47Z
Issue,OPEN,vhp-service-completeness,2025-12-03T13:38:39Z,,,2026-02-06T10:24:48Z
Issue,OPEN,vhp-service-completeness,2025-12-03T13:38:41Z,,,2026-02-06T10:24:48Z
Issue,CLOSED,vhp-service-completeness,2025-12-03T13:35:23Z,2026-05-26T22:13:39Z,,2026-05-26T22:13:41Z
Issue,OPEN,vhp-service-completeness,2025-12-03T13:35:25Z,,,2026-02-06T10:25:24Z
Issue,OPEN,vhp-service-completeness,2025-12-03T13:35:27Z,,,2026-02-06T10:25:24Z
Issue,OPEN,vhp-service-completeness,2025-12-03T13:35:28Z,,,2026-02-06T10:25:25Z
Issue,OPEN,vhp-service-completeness,2025-12-03T13:35:31Z,,,2026-02-06T10:25:25Z
Issue,OPEN,vhp-service-completeness,2025-12-03T13:35:33Z,,,2026-02-06T10:25:26Z
Issue,OPEN,vhp-service-completeness,2025-12-03T13:35:35Z,,,2026-02-06T10:25:26Z
Issue,OPEN,vhp-service-completeness,2025-12-03T13:35:38Z,,,2026-02-06T10:25:26Z
Issue,OPEN,vhp-service-completeness,2025-12-03T13:35:41Z,,,2026-02-23T11:37:23Z
Issue,OPEN,vhp-service-completeness,2025-12-03T13:35:46Z,,,2026-02-06T10:25:28Z
Issue,OPEN,vhp-service-completeness,2025-12-03T13:35:47Z,,,2026-02-06T10:25:28Z
Issue,OPEN,vhp-service-completeness,2025-12-03T13:35:50Z,,,2026-02-23T11:38:44Z
Issue,OPEN,vhp-service-completeness,2025-12-03T13:36:14Z,,,2026-02-06T10:25:29Z
Issue,OPEN,vhp-service-completeness,2025-12-03T13:36:42Z,,,2026-02-06T10:25:30Z
Issue,OPEN,vhp-service-completeness,2025-12-03T13:36:44Z,,,2026-02-06T10:25:30Z
Issue,OPEN,vhp-service-completeness,2025-12-03T13:36:45Z,,,2026-02-06T10:25:30Z
Issue,OPEN,vhp-service-completeness,2025-12-03T13:36:48Z,,,2026-02-06T10:25:31Z
Issue,OPEN,vhp-service-completeness,2025-12-03T13:36:51Z,,,2026-02-06T10:25:31Z
Issue,OPEN,vhp-service-completeness,2025-12-03T13:36:52Z,,,2026-02-06T10:25:32Z
Issue,OPEN,vhp-service-completeness,2025-12-03T13:36:54Z,,,2026-02-06T10:25:32Z
Issue,CLOSED,vhp-service-completeness,2025-12-03T13:35:01Z,2026-05-26T22:13:41Z,,2026-05-26T22:13:45Z
Issue,CLOSED,vhp-service-completeness,2025-12-03T13:35:02Z,2026-05-26T22:16:31Z,,2026-05-26T22:16:34Z
Issue,OPEN,vhp-service-completeness,2025-12-03T13:35:04Z,,,2026-02-06T10:25:50Z
Issue,OPEN,vhp-service-completeness,2025-12-03T13:35:07Z,,,2026-02-23T11:37:49Z
Issue,OPEN,vhp-service-completeness,2025-12-03T13:35:09Z,,,2026-02-06T10:25:52Z
Issue,CLOSED,vhp-service-completeness,2025-12-03T13:35:10Z,2026-05-26T22:13:43Z,,2026-05-26T22:13:45Z
Issue,CLOSED,vhp-service-completeness,2025-12-03T13:35:12Z,2026-05-26T22:16:22Z,,2026-05-26T22:16:24Z
Issue,CLOSED,vhp-service-completeness,2025-12-03T13:35:13Z,2026-05-26T22:13:37Z,,2026-05-26T22:13:39Z
Issue,CLOSED,vhp-service-completeness,2025-12-03T13:35:15Z,2026-05-26T22:16:29Z,,2026-05-26T22:16:31Z
Issue,OPEN,vhp-service-completeness,2025-12-03T13:35:17Z,,,2026-02-06T10:25:54Z
Issue,OPEN,vhp-service-completeness,2025-12-03T13:35:20Z,,,2026-02-23T11:37:43Z
Issue,OPEN,vhp-service-completeness,2025-12-03T13:35:21Z,,,2026-02-06T10:25:55Z
Issue,OPEN,vhp-service-completeness,2025-12-03T13:35:55Z,,,2026-02-06T10:25:56Z
Issue,OPEN,vhp-service-completeness,2025-12-03T13:35:57Z,,,2026-02-06T10:25:56Z
Issue,OPEN,vhp-service-completeness,2025-12-03T13:35:59Z,,,2026-02-06T10:25:57Z
Issue,OPEN,vhp-service-completeness,2025-12-03T13:36:00Z,,,2026-02-06T10:25:57Z
Issue,OPEN,vhp-service-completeness,2025-12-03T13:36:03Z,,,2026-02-06T10:25:58Z
Issue,OPEN,vhp-service-completeness,2025-12-03T13:36:04Z,,,2026-02-06T10:25:58Z
Issue,OPEN,vhp-service-completeness,2025-12-03T13:36:06Z,,,2026-02-06T10:25:59Z
Issue,OPEN,vhp-service-completeness,2025-12-03T13:36:08Z,,,2026-02-06T10:25:59Z
Issue,OPEN,vhp-service-completeness,2025-12-03T13:36:10Z,,,2026-02-06T10:26:00Z
Issue,OPEN,vhp-service-completeness,2025-12-03T13:36:11Z,,,2026-02-06T10:26:00Z
Issue,CLOSED,vhp-service-completeness,2025-12-03T13:34:21Z,2026-04-17T12:58:05Z,,2026-04-17T12:58:08Z
Issue,CLOSED,vhp-service-completeness,2025-12-03T13:34:23Z,2026-04-17T13:09:57Z,,2026-04-17T13:10:00Z
Issue,CLOSED,vhp-service-completeness,2025-12-03T13:34:24Z,2026-05-15T12:19:01Z,,2026-05-15T12:19:11Z
Issue,CLOSED,vhp-service-completeness,2025-12-03T13:34:25Z,2026-04-17T13:04:25Z,,2026-04-17T13:04:29Z
Issue,OPEN,vhp-service-completeness,2025-12-03T13:34:27Z,,,2026-02-06T10:26:18Z
Issue,OPEN,vhp-service-completeness,2025-12-03T13:34:29Z,,,2026-02-06T10:26:18Z
Issue,OPEN,vhp-service-completeness,2025-12-03T13:34:32Z,,,2026-02-06T10:26:19Z
Issue,OPEN,vhp-service-completeness,2025-12-03T13:34:33Z,,,2026-02-06T10:26:20Z
Issue,OPEN,vhp-service-completeness,2025-12-03T13:34:35Z,,,2026-02-06T10:26:20Z
Issue,OPEN,vhp-service-completeness,2025-12-03T13:34:36Z,,,2026-02-06T10:26:21Z
Issue,OPEN,vhp-service-completeness,2025-12-03T13:34:38Z,,,2026-02-06T10:26:21Z
Issue,OPEN,vhp-service-completeness,2025-12-03T13:34:40Z,,,2026-02-06T10:26:21Z
Issue,OPEN,vhp-service-completeness,2025-12-03T13:34:41Z,,,2026-02-06T10:26:22Z
Issue,OPEN,vhp-service-completeness,2025-12-03T13:34:43Z,,,2026-02-06T10:26:22Z
Issue,OPEN,vhp-service-completeness,2025-12-03T13:34:45Z,,,2026-02-06T10:26:22Z
Issue,OPEN,vhp-service-completeness,2025-12-03T13:34:47Z,,,2026-02-06T10:26:23Z
Issue,OPEN,vhp-service-completeness,2025-12-03T13:34:49Z,,,2026-02-06T10:26:23Z
Issue,OPEN,vhp-service-completeness,2025-12-03T13:34:51Z,,,2026-02-06T10:26:24Z
Issue,OPEN,vhp-service-completeness,2025-12-03T13:34:54Z,,,2026-02-23T11:37:38Z
Issue,OPEN,vhp-service-completeness,2025-12-03T13:34:55Z,,,2026-02-06T10:26:25Z
Issue,OPEN,vhp-service-completeness,2025-12-03T13:34:56Z,,,2026-02-06T10:26:25Z
Issue,OPEN,vhp-service-completeness,2025-12-03T13:34:58Z,,,2026-02-06T10:26:26Z
Issue,OPEN,vhp-service-completeness,2025-12-03T13:35:00Z,,,2026-02-06T10:26:26Z
Issue,OPEN,vhp-service-completeness,2025-12-03T13:34:09Z,,,2026-02-06T10:26:42Z
Issue,OPEN,vhp-service-completeness,2025-12-03T13:34:11Z,,,2026-02-06T10:26:42Z
Issue,OPEN,vhp-service-completeness,2025-12-03T13:34:13Z,,,2026-02-06T10:26:42Z
Issue,OPEN,vhp-service-completeness,2025-12-03T13:34:14Z,,,2026-02-06T10:26:43Z
Issue,OPEN,vhp-service-completeness,2025-12-03T13:34:17Z,,,2026-02-06T10:26:44Z
Issue,OPEN,vhp-service-completeness,2025-12-03T13:34:19Z,,,2026-02-06T10:26:44Z
Issue,OPEN,KE-WP-mapping,2026-01-14T13:24:39Z,,,2026-02-17T20:48:36Z
Issue,OPEN,KE-WP-mapping,2026-02-11T08:58:52Z,,,2026-02-17T20:48:36Z
Issue,OPEN,molAOP-analyser,2025-10-01T17:56:10Z,,,2026-05-14T11:43:04Z
Issue,OPEN,molAOP-analyser,2025-10-01T17:56:35Z,,,2026-05-14T11:43:05Z
Issue,OPEN,molAOP-analyser,2025-10-01T17:57:11Z,,,2026-05-14T11:43:05Z
Issue,CLOSED,molAOP-analyser,2025-10-01T17:57:29Z,2026-05-14T11:09:10Z,,2026-05-14T11:09:12Z
Issue,CLOSED,molAOP-analyser,2025-10-01T18:21:57Z,2026-05-14T11:09:15Z,,2026-05-14T11:09:18Z
Issue,OPEN,molAOP-analyser,2025-10-02T14:23:05Z,,,2026-05-14T11:43:06Z
Issue,OPEN,molAOP-analyser,2025-10-02T14:24:35Z,,,2026-03-01T13:12:50Z
Issue,CLOSED,molAOP-analyser,2026-03-01T13:00:10Z,2026-05-14T11:09:13Z,,2026-05-14T11:09:15Z
Issue,CLOSED,KE-WP-mapping,2026-03-02T12:30:22Z,2026-05-14T13:47:31Z,,2026-05-14T13:47:33Z
DraftIssue,,,2026-03-03T12:37:28Z,,,2026-03-03T12:37:28Z
DraftIssue,,,2026-03-03T12:37:58Z,,,2026-03-03T12:37:58Z
Issue,OPEN,KE-WP-mapping,2026-03-01T12:50:46Z,,,2026-03-03T12:50:30Z
Issue,OPEN,KE-WP-mapping,2026-03-01T12:52:11Z,,,2026-03-03T12:50:30Z
Issue,OPEN,wp1.1,2026-03-03T12:55:13Z,,,2026-05-16T13:57:48Z
Issue,CLOSED,wp1.1,2026-03-03T19:17:48Z,2026-05-16T20:37:00Z,,2026-05-16T20:37:12Z
Issue,CLOSED,wp1.1,2026-03-03T19:23:55Z,2026-03-28T18:23:28Z,,2026-03-28T18:23:32Z
Issue,CLOSED,wp1.1,2026-03-03T19:20:35Z,2026-05-18T14:31:54Z,,2026-05-18T14:31:56Z
Issue,CLOSED,ui-casestudy-config,2025-11-03T14:35:15Z,2026-05-19T08:08:40Z,,2026-05-19T08:08:42Z
Issue,CLOSED,wp1.1,2026-03-03T19:42:18Z,2026-05-25T19:34:33Z,,2026-05-25T19:34:35Z
Issue,CLOSED,wp1.1,2026-03-03T19:51:48Z,2026-03-28T18:23:23Z,,2026-03-28T18:23:26Z
Issue,CLOSED,wp1.1,2026-03-03T19:56:19Z,2026-05-18T14:32:43Z,,2026-05-18T14:34:22Z
Issue,CLOSED,wp1.1,2026-03-03T19:37:12Z,2026-05-25T19:34:08Z,,2026-05-25T19:34:42Z
Issue,OPEN,vhp-service-completeness,2026-03-23T09:33:15Z,,,2026-04-17T08:58:38Z
Issue,CLOSED,virtual-human-platform,2026-03-18T14:41:55Z,2026-03-20T19:30:26Z,,2026-03-20T19:30:31Z
Issue,OPEN,KE-WP-mapping,2026-03-04T14:47:37Z,,,2026-03-04T15:43:04Z
Issue,OPEN,KE-WP-mapping,2026-03-04T14:51:05Z,,,2026-03-04T15:43:04Z
Issue,OPEN,vhp-service-completeness,2026-03-05T09:29:30Z,,,2026-03-16T11:05:24Z
Issue,OPEN,vhp-service-completeness,2026-03-05T11:17:50Z,,,2026-03-06T13:12:18Z
Issue,OPEN,vhp-service-completeness,2026-03-06T13:16:26Z,,,2026-03-06T13:16:29Z
Issue,OPEN,vhp4safety-docs,2026-03-09T12:11:44Z,,,2026-03-09T12:11:48Z
Issue,CLOSED,virtual-human-platform,2026-03-16T08:54:16Z,2026-04-02T06:21:19Z,,2026-04-02T06:21:24Z
Issue,OPEN,vhp-service-completeness,2026-03-18T14:39:10Z,,,2026-03-18T14:39:15Z
Issue,OPEN,vhp-service-completeness,2026-03-23T09:26:51Z,,,2026-03-23T09:26:56Z
Issue,OPEN,vhp-service-completeness,2026-03-23T09:28:19Z,,,2026-03-23T09:28:20Z
Issue,OPEN,vhp-service-completeness,2026-03-23T09:29:17Z,,,2026-03-23T09:29:21Z
Issue,OPEN,vhp-service-completeness,2026-03-23T09:30:36Z,,,2026-03-23T09:30:37Z
Issue,OPEN,vhp-service-completeness,2026-03-23T09:34:30Z,,,2026-03-23T09:34:49Z
Issue,OPEN,virtual-human-platform,2026-03-23T12:28:43Z,,,2026-03-23T12:28:44Z
Issue,OPEN,virtual-human-platform,2026-03-23T15:44:57Z,,,2026-03-23T16:07:28Z
Issue,CLOSED,wp1.1,2026-03-30T11:12:03Z,2026-05-25T19:35:02Z,,2026-05-25T19:35:04Z
Issue,OPEN,vhp-service-completeness,2026-03-30T11:33:27Z,,,2026-03-30T11:33:27Z
Issue,CLOSED,virtual-human-platform,2026-04-02T05:21:55Z,2026-05-15T12:05:20Z,,2026-05-15T12:05:23Z
Issue,OPEN,virtual-human-platform,2026-04-02T05:26:09Z,,,2026-04-02T05:26:10Z
Issue,OPEN,vhp-service-completeness,2026-04-17T10:00:26Z,,,2026-04-17T10:00:27Z
Issue,OPEN,KE-WP-mapping,2026-03-04T15:59:45Z,,,2026-05-14T11:07:43Z
Issue,OPEN,KE-WP-mapping,2026-03-06T14:03:18Z,,,2026-05-14T11:07:44Z
Issue,OPEN,KE-WP-mapping,2026-03-06T14:04:51Z,,,2026-05-14T11:07:44Z
Issue,OPEN,KE-WP-mapping,2026-03-06T14:09:56Z,,,2026-05-14T11:07:44Z
Issue,OPEN,KE-WP-mapping,2026-03-19T11:56:23Z,,,2026-05-14T11:07:44Z
Issue,OPEN,KE-WP-mapping,2026-03-19T12:03:37Z,,,2026-05-14T11:07:44Z
Issue,CLOSED,molAOP-analyser,2026-03-19T14:31:06Z,2026-05-14T11:09:08Z,,2026-05-14T11:09:10Z
Issue,CLOSED,KE-WP-mapping,2026-05-14T13:46:35Z,2026-05-15T11:13:59Z,,2026-05-15T11:14:01Z
Issue,OPEN,KE-WP-mapping,2026-05-14T13:46:40Z,,,2026-05-14T13:52:45Z
Issue,OPEN,KE-WP-mapping,2026-05-14T13:46:45Z,,,2026-05-14T13:52:45Z
Issue,OPEN,KE-WP-mapping,2026-05-14T13:46:50Z,,,2026-05-14T13:52:46Z
Issue,OPEN,KE-WP-mapping,2026-05-14T13:47:01Z,,,2026-05-14T13:52:46Z
Issue,OPEN,KE-WP-mapping,2026-05-14T13:47:08Z,,,2026-05-14T13:52:46Z
Issue,OPEN,KE-WP-mapping,2026-05-14T13:47:14Z,,,2026-05-14T13:52:47Z
Issue,OPEN,KE-WP-mapping,2026-05-14T13:47:20Z,,,2026-05-14T13:52:47Z
Issue,OPEN,molAOP-analyser,2026-05-14T13:30:31Z,,,2026-05-14T13:52:59Z
Issue,OPEN,molAOP-analyser,2026-05-14T13:30:31Z,,,2026-05-14T13:52:59Z
Issue,OPEN,molAOP-analyser,2026-05-14T13:30:31Z,,,2026-05-14T13:53:00Z
Issue,CLOSED,AOP-Wiki-RDF-dashboard,2025-08-04T10:35:28Z,2026-07-16T06:41:51Z,,2026-07-16T06:41:53Z
Issue,CLOSED,AOP-Wiki-RDF-dashboard,2025-10-20T17:40:15Z,2026-05-24T13:48:14Z,,2026-05-24T13:48:17Z
Issue,CLOSED,AOP-Wiki-RDF-dashboard,2025-11-01T21:41:41Z,2026-05-26T18:22:07Z,,2026-05-26T18:22:11Z
Issue,CLOSED,AOP-Wiki-RDF-dashboard,2025-11-01T21:42:29Z,2026-07-16T12:37:04Z,,2026-07-16T12:37:05Z
Issue,CLOSED,AOP-Wiki-RDF-dashboard,2025-11-01T21:43:07Z,2026-07-16T09:15:03Z,,2026-07-16T09:15:05Z
Issue,CLOSED,AOP-Wiki-RDF-dashboard,2025-11-01T21:43:55Z,2026-05-26T18:22:10Z,,2026-05-26T18:22:11Z
Issue,CLOSED,AOP-Wiki-RDF-dashboard,2025-11-01T21:44:21Z,2026-05-26T18:22:12Z,,2026-05-26T18:22:13Z
Issue,CLOSED,AOP-Wiki-RDF-dashboard,2025-11-01T21:44:58Z,2026-07-16T12:35:00Z,,2026-07-16T12:35:02Z
Issue,CLOSED,AOP-Wiki-RDF-dashboard,2025-11-01T21:45:22Z,2026-05-26T18:22:15Z,,2026-05-26T18:22:19Z
Issue,CLOSED,AOP-Wiki-RDF-dashboard,2025-11-01T21:45:37Z,2026-05-26T18:22:18Z,,2026-05-26T18:22:21Z
Issue,CLOSED,AOP-Wiki-RDF-dashboard,2025-11-01T21:45:52Z,2026-07-16T09:17:23Z,,2026-07-16T09:17:24Z
Issue,CLOSED,AOP-Wiki-RDF-dashboard,2025-11-01T21:46:07Z,2026-07-16T08:39:21Z,,2026-07-16T08:39:22Z
Issue,CLOSED,AOP-Wiki-RDF-dashboard,2025-11-01T21:46:21Z,2026-07-16T12:31:47Z,,2026-07-16T12:31:48Z
Issue,CLOSED,AOP-Wiki-RDF-dashboard,2025-11-01T21:46:35Z,2026-07-16T09:15:11Z,,2026-07-16T09:15:13Z
Issue,CLOSED,AOP-Wiki-RDF-dashboard,2025-12-17T12:59:16Z,2026-07-16T06:41:54Z,,2026-07-16T06:41:55Z
Issue,OPEN,AOPWikiRDF,2026-01-16T11:24:12Z,,,2026-05-15T13:54:49Z
Issue,CLOSED,AOPWikiRDF,2026-02-10T19:37:37Z,2026-05-15T18:45:46Z,,2026-05-15T18:45:49Z
Issue,CLOSED,AOPWikiRDF,2026-05-06T08:45:44Z,2026-05-15T13:50:16Z,,2026-05-15T13:54:51Z
Issue,CLOSED,AOPWikiRDF,2026-05-06T08:45:46Z,2026-05-15T14:01:20Z,,2026-05-15T14:01:22Z
Issue,CLOSED,AOPWikiRDF,2026-05-06T08:45:47Z,2026-05-15T17:30:53Z,,2026-05-15T17:30:54Z
Issue,CLOSED,qAOP-app,2026-05-21T08:57:37Z,2026-05-21T10:48:03Z,,2026-05-21T10:48:04Z
Issue,CLOSED,qAOP-app,2026-05-21T09:01:21Z,2026-06-01T18:42:48Z,,2026-06-01T18:42:51Z
Issue,CLOSED,AOP-Wiki-RDF-dashboard,2026-05-06T12:45:09Z,2026-05-06T13:40:28Z,,2026-05-23T21:28:22Z
Issue,CLOSED,AOP-Wiki-RDF-dashboard,2026-05-06T12:45:11Z,2026-05-06T13:40:29Z,,2026-05-23T21:28:22Z
Issue,CLOSED,AOP-Wiki-RDF-dashboard,2026-05-23T17:21:32Z,2026-05-24T10:24:28Z,,2026-05-24T10:24:30Z
Issue,CLOSED,AOP-Wiki-RDF-dashboard,2026-05-23T17:21:33Z,2026-05-24T12:22:01Z,,2026-05-24T12:22:03Z
Issue,CLOSED,AOP-Wiki-RDF-dashboard,2026-05-23T17:21:34Z,2026-05-24T10:24:29Z,,2026-05-24T10:24:31Z
Issue,CLOSED,AOP-Wiki-RDF-dashboard,2026-05-23T17:37:29Z,2026-05-24T10:24:31Z,,2026-05-24T10:24:32Z
Issue,CLOSED,AOP-Wiki-RDF-dashboard,2026-05-23T17:37:31Z,2026-05-24T10:24:32Z,,2026-05-24T10:24:35Z
Issue,CLOSED,AOP-Wiki-RDF-dashboard,2026-05-23T17:37:33Z,2026-05-24T10:24:34Z,,2026-05-24T10:24:35Z
Issue,CLOSED,AOP-Wiki-RDF-dashboard,2026-05-23T17:37:34Z,2026-05-24T12:43:05Z,,2026-05-24T12:43:07Z
Issue,CLOSED,AOP-Wiki-RDF-dashboard,2026-05-23T17:37:35Z,2026-05-24T10:24:35Z,,2026-05-24T10:24:37Z
Issue,CLOSED,AOP-Wiki-RDF-dashboard,2026-05-23T17:37:37Z,2026-05-24T12:21:57Z,,2026-05-24T12:21:59Z
Issue,CLOSED,AOP-Wiki-RDF-dashboard,2026-05-23T17:37:38Z,2026-05-24T12:21:59Z,,2026-05-24T12:22:02Z
Issue,CLOSED,AOP-Wiki-RDF-dashboard,2026-05-23T17:38:54Z,2026-05-24T12:30:16Z,,2026-05-24T12:30:19Z
Issue,CLOSED,AOP-Wiki-RDF-dashboard,2026-05-23T17:38:55Z,2026-05-24T13:21:59Z,,2026-05-24T13:22:02Z
Issue,CLOSED,AOP-Wiki-RDF-dashboard,2026-05-23T17:38:57Z,2026-05-24T12:26:44Z,,2026-05-24T12:26:47Z
Issue,CLOSED,AOP-Wiki-RDF-dashboard,2026-05-23T17:38:58Z,2026-05-24T10:42:59Z,,2026-05-24T10:43:00Z
Issue,CLOSED,AOP-Wiki-RDF-dashboard,2026-05-23T17:39:00Z,2026-05-24T12:26:46Z,,2026-05-24T12:26:47Z
Issue,CLOSED,AOP-Wiki-RDF-dashboard,2026-05-23T17:39:01Z,2026-05-24T12:24:53Z,,2026-05-24T12:24:55Z
Issue,CLOSED,AOP-Wiki-RDF-dashboard,2026-05-23T17:39:03Z,2026-05-24T12:39:19Z,,2026-05-24T12:39:22Z
Issue,CLOSED,AOP-Wiki-RDF-dashboard,2026-05-23T17:39:04Z,2026-05-24T10:43:00Z,,2026-05-24T10:43:03Z
Issue,CLOSED,AOP-Wiki-RDF-dashboard,2026-05-23T17:39:05Z,2026-05-24T10:42:56Z,,2026-05-24T10:42:58Z
Issue,CLOSED,AOP-Wiki-RDF-dashboard,2026-05-23T17:39:07Z,2026-05-24T12:39:21Z,,2026-05-24T12:39:23Z
Issue,CLOSED,AOP-Wiki-RDF-dashboard,2026-05-23T17:39:08Z,2026-05-24T12:43:06Z,,2026-05-24T12:43:09Z
Issue,CLOSED,AOP-Wiki-RDF-dashboard,2026-05-23T17:39:10Z,2026-05-24T10:42:57Z,,2026-05-24T10:42:59Z
Issue,CLOSED,AOP-Wiki-RDF-dashboard,2026-05-23T17:39:11Z,2026-05-24T10:43:02Z,,2026-05-24T10:43:03Z
